Compound,smiles,MW,Vol,Density,nHA,nHD,TPSA,nRot,nRing,MaxRing,nHet,fChar,nRig,Flex,nStereo,gasa,QED,Synth,Fsp3,MCE-18,Natural Product-likeness,Alarm_NMR,BMS,Chelating,Lipinski,Pfizer,GSK,GoldenTriangle,logS,logD,logP,MP,BP,pka_acidic,pka_basic,caco2,MDCK,PAMPA,pgp_inh,pgp_sub,hia,f20,f30,f50,OATP1B1,OATP1B3,BCRP,BSEP,BBB,MRP1,PPB,logVDss,Fu,CYP1A2-inh,CYP1A2-sub,CYP2C19-inh,CYP2C19-sub,CYP2C9-inh,CYP2C9-sub,CYP2D6-inh,CYP2D6-sub,CYP3A4-inh,CYP3A4-sub,CYP2B6-inh,CYP2B6-sub,CYP2C8-inh,HLM-human,cl-plasma,t0.5,BCF,IGC50,LC50DM,LC50FM,hERG,hERG-10um,DILI,Ames,ROA,FDAMDD,SkinSen,Carcinogenicity,EC,EI,Respiratory,H-HT,Neurotoxicity-DI,Ototoxicity,Hematotoxicity,Nephrotoxicity-DI,Genotoxicity,RPMI-8226,A549,HEK293,NR-AhR,NR-AR,NR-AR-LBD,NR-Aromatase,NR-ER,NR-ER-LBD,NR-PPAR-gamma,SR-ARE,SR-ATAD5,SR-HSE,SR-MMP,SR-p53,NonBiodegradable,NonGenotoxic_Carcinogenicity,SureChEMBL,LD50_oral,Skin_Sensitization,Acute_Aquatic_Toxicity,FAF-Drugs4 Rule,Genotoxic_Carcinogenicity_Mutagenicity,Aggregators,Fluc,Blue_fluorescence,Green_fluorescence,Reactive,Other_assay_interference,Promiscuous,Molecule,Canonical SMILES,Formula,MW,Heavy atoms,Aromatic heavy atoms,Fsp3,nRot,nHA,nHD,MR,TPSA,iLOGP,XLOGP3,WLOGP,MLOGP,Silicos-IT Log P,Consensus Log P,ESOL Log S,ESOL Solubility (mg/ml),ESOL Solubility (mol/l),ESOL Class,Ali Log S,Ali Solubility (mg/ml),Ali Solubility (mol/l),Ali Class,Silicos-IT LogSw,Silicos-IT Solubility (mg/ml),Silicos-IT Solubility (mol/l),Silicos-IT class,GI absorption,BBB permeant,Pgp substrate,CYP1A2 inhibitor,CYP2C19 inhibitor,CYP2C9 inhibitor,CYP2D6 inhibitor,CYP3A4 inhibitor,log Kp (cm/s),Lipinski,Ghose,Veber,Egan,Muegge,Bioavailability Score,PAINS,Brenk,Leadlikeness,Synthetic Accessibility
TQ_D1,CC1=CC(=O)C([C@H]2CCCC2(C)C)=C(O)C1=O,234.13,249.4121792,0.938727213,3,1,54.37,1,2,6,3,0,13,0.076923077,1,1,0.71,3.428,0.571,36.818,2.216,"[(4, 3, 2, 1, 15, 16, 13, 5), (1, 2, 3, 4, 5)]",0,['-'],0,1,0,0,-4.284592318,3.057829464,3.031629377,145.5877135,298.0436788,7.64431894,3.77589283,-4.652639958,-4.586107055,0.60316515,0.827765167,0.044215512,0.730575919,0.205992162,0.852149308,0.959379978,0.998103499,0.998949111,0.149092615,0.908254921,0.015987033,0.677268326,96.46955107,-0.318560241,3.556846212,0.002360372,0.945162594,0.188751757,0.550167799,0.120601818,0.068657435,0.001519861,6.40E-06,0.04219941,0.781717241,0.029978367,0.000307567,0.385171205,0.87702626,2.616730121,1.286102881,1.946397335,4.728201494,6.508680509,5.914807125,0.063537337,0.318283409,0.383878708,0.443750262,0.565914273,0.705222785,0.905424237,0.636428833,0.56510514,0.977982998,0.87336576,0.692123711,0.167883962,0.297633052,0.611933827,0.47029686,0.379079103,0.074787989,0.054576144,0.367959946,0.004110659,0.001961763,0.000447102,0.233475119,0.145127729,0.183228105,0.000901799,0.858813941,0.011302527,0.621949852,0.251390427,0.944303334,4,5,0,0,"[(1,), (3,), (5, 13, 15, 14), (3,), (1,), (1, 0, 15, 2, 3, 4), (1, 0, 2, 3, 5, 4)]","[(1, 2, 3, 4, 5), (1, 2, 3, 4, 5, 13, 15, 16), (1,)]","[(1, 2, 3), (4, 3, 2, 1, 15, 16, 13, 5)]","[(1,), (1, 2, 3, 4, 5)]",0.212,0.906,0.199,0.084,0.853,0.855,0.233,TQ_D1,O=C1C=C(C)C(=O)C(=C1[C@H]1CCCC1(C)C)O,C14H18O3,234.29,17,0,0.57,1,3,1,65.95,54.37,n/d,2.91,2.72,1.31,2.91,2.46,-3.06,2.04E-01,8.71E-04,Soluble,-3.71,4.54E-02,1.94E-04,Soluble,-2.79,3.83E-01,1.64E-03,Soluble,0,0,No,n/d,n/d,n/d,n/d,n/d,-5.66,0,0,0,0,0,0.85,1,1,1,3.68
TQ_D2,CC1=CC(=O)C([C@@]2(C)CCC(=O)C2(C)C)=CC1=O,246.13,264.0717055,0.932057448,3,0,51.21,1,2,6,3,0,14,0.071428571,1,1,0.667,3.616,0.533,39.913,2.394,"[(4, 3, 2, 1, 16, 17, 15, 5), (1, 2, 3, 4, 5)]",0,['-'],0,0,0,0,-3.10381645,1.866231545,1.720825782,153.6875689,269.1567034,8.562722271,4.406974254,-4.662431179,-4.537246268,0.94575721,0.763823271,0.006319716,0.018510759,0.016003907,0.035458446,0.42703253,0.975969732,0.997941434,0.022715714,0.999651074,0.016218537,0.973925471,81.96779489,0.29657226,20.2573821,0.638916612,0.999915123,0.535526752,0.337032914,0.056269303,0.004812113,0.001861071,8.84E-08,0.407421798,0.998876512,0.124367297,0.016076408,0.972050011,0.961094201,9.308562812,0.79781506,0.810005907,3.433176513,4.808878003,4.312724485,0.045232464,0.300893009,0.351765275,0.58370626,0.586784482,0.788140476,0.893929064,0.708787322,0.610170126,0.980522573,0.687015891,0.758729219,0.568593621,0.27767837,0.714203179,0.46090129,0.955969214,0.118203938,0.055185825,0.398237556,0.034461003,0.751445472,0.043804884,0.970278203,0.194772601,0.09942919,0.033698197,0.831354439,0.273540527,0.472473383,0.120172769,0.960261822,4,4,0,0,"[(1,), (9, 10, 11, 12), (1,), (1, 0, 16, 2, 3, 4), (1, 0, 2, 3, 5, 4)]","[(1, 2, 3, 4, 5), (1, 2, 3, 4, 5, 15, 16, 17), (9, 10, 11, 12), (1,)]","[(1, 2, 3), (4, 3, 2, 1, 16, 17, 15, 5)]","[(1,), (1, 2, 3, 4, 5)]",0.217,0.318,0.332,0.151,0.976,0.534,0.329,TQ_D2,O=C1C=C(C)C(=O)C=C1[C@@]1(C)CCC(=O)C1(C)C,C15H18O3,246.3,18,0,0.53,1,3,0,69.12,51.21,n/d,1.75,2.41,1.48,3.58,2.3,-2.4,9.73E-01,3.95E-03,Soluble,-2.44,8.89E-01,3.61E-03,Soluble,-3.64,5.69E-02,2.31E-04,Soluble,0,0,No,n/d,n/d,n/d,n/d,n/d,-6.56,0,0,0,0,0,0.55,1,1,1,3.86
TQ_D3,CC1=CC(=O)C([C@@]2(C)CCCC2(C)C)=C(O)C1=O,248.14,266.7081645,0.930380217,3,1,54.37,1,2,6,3,0,13,0.076923077,1,1,0.725,3.594,0.6,41.083,2.212,"[(4, 3, 2, 1, 16, 17, 14, 5), (1, 2, 3, 4, 5)]",0,['-'],0,1,0,0,-4.245130756,2.964088216,3.09071478,169.7393215,304.5888712,7.751072094,4.104655791,-4.691626528,-4.607362178,0.768261611,0.830543518,0.054521844,0.264670491,0.170345545,0.78686215,0.987906577,0.997541666,0.998144388,0.216142818,0.972304761,0.081555501,0.97914505,90.963235,0.017094537,9.229435729,0.169265732,0.794250607,0.439303249,0.85118407,0.97649014,0.677387834,0.048084099,0.002631386,0.958018899,0.957710147,0.871700883,0.000326439,0.944501698,0.992071688,2.006811638,1.356650542,1.880695465,4.658571649,6.14449415,5.657714461,0.033291943,0.253591508,0.176790714,0.410744071,0.568454027,0.666147768,0.960178912,0.622519433,0.778656542,0.982478857,0.789872825,0.700548589,0.081222333,0.284979016,0.496733695,0.49674803,0.433539331,0.071368791,0.065165184,0.371632248,0.013588457,0.005508647,0.000185779,0.857588708,0.019897878,0.048321068,0.003935762,0.865228176,0.020619346,0.870616019,0.517938733,0.957461774,4,4,0,0,"[(1,), (3,), (5, 14, 16, 15), (3,), (1,), (1, 0, 16, 2, 3, 4), (1, 0, 2, 3, 5, 4)]","[(1, 2, 3, 4, 5), (1, 2, 3, 4, 5, 14, 16, 17), (1,)]","[(1, 2, 3), (4, 3, 2, 1, 16, 17, 14, 5)]","[(1,), (1, 2, 3, 4, 5)]",0.239,0.648,0.057,0.078,0.915,0.819,0.213,TQ_D3,O=C1C=C(C)C(=O)C(=C1[C@@]1(C)CCCC1(C)C)O,C15H20O3,248.32,18,0,0.6,1,3,1,70.49,54.37,n/d,3.45,3.11,1.57,3.39,2.88,-3.49,8.09E-02,3.26E-04,Soluble,-4.27,1.32E-02,5.33E-05,Moderately soluble,-3.39,1.01E-01,4.06E-04,Soluble,0,0,No,n/d,n/d,n/d,n/d,n/d,-5.37,0,0,0,0,0,0.85,1,1,1,3.79
TQ_D4,CC1=CC(=O)C([C@@]2(C)[C@H](O)CC(=O)C2(C)C)=CC1=O,262.12,272.8619325,0.960632352,4,1,71.44,1,2,6,4,0,14,0.071428571,2,1,0.725,4.094,0.533,42.261,2.446,"[(4, 3, 2, 1, 17, 18, 16, 5), (1, 2, 3, 4, 5)]",0,['-'],0,0,0,0,-2.112316404,1.191293405,0.91761497,188.2742172,294.3392456,7.878057431,3.433840066,-4.805553952,-4.507658924,0.994315565,0.494664937,0.073974364,0.422836125,0.168951333,0.452723086,0.964725081,0.990822554,0.999442518,0.009689483,0.99872154,0.006335727,0.929883063,73.33481723,0.382534409,25.78069448,0.00517239,0.069051795,0.01200208,0.001215165,0.011333217,0.00281057,0.001796828,1.39E-05,0.130594566,0.124455005,0.147333458,4.23E-09,0.642611444,0.948707163,11.05820049,1.135146047,0.611644303,3.239305453,4.701235491,4.130508127,0.043535743,0.282550037,0.595139027,0.781463742,0.657991409,0.688823342,0.920521557,0.614860415,0.145232394,0.975824952,0.821355283,0.746555865,0.562684,0.379372865,0.735592306,0.597882926,0.923892319,0.184539005,0.152598098,0.352271706,0.055207022,0.204965934,0.003262154,0.859060407,0.188938498,0.013157156,0.004057239,0.67818898,0.117527962,0.256339312,0.045365527,0.970926881,4,4,0,0,"[(1,), (10, 11, 12, 13), (1,), (1, 0, 17, 2, 3, 4), (1, 0, 2, 3, 5, 4)]","[(1, 2, 3, 4, 5), (1, 2, 3, 4, 5, 16, 17, 18), (9, 8, 6), (10, 11, 12, 13), (1,)]","[(1, 2, 3), (4, 3, 2, 1, 17, 18, 16, 5)]","[(1,), (1, 2, 3, 4, 5)]",0.156,0.318,0.423,0.039,0.733,0.274,0.561,TQ_D4,O=C1C=C(C)C(=O)C=C1[C@@]1(C)[C@H](O)CC(=O)C1(C)C,C15H18O4,262.3,19,0,0.53,1,4,1,70.28,71.44,n/d,0.78,1.38,0.63,2.69,1.37,-1.89,3.37E+00,1.28E-02,Very soluble,-1.86,3.61E+00,1.38E-02,Very soluble,-2.83,3.91E-01,1.49E-03,Soluble,0,1,No,n/d,n/d,n/d,n/d,n/d,-7.35,0,0,0,0,0,0.55,1,1,0,4.15
TQ_D5,CC(C)=CCC[C@H](C)C1=C(O)C(=O)C(C)=C(O)C1=O,264.14,281.4183914,0.93860248,4,2,74.6,4,1,6,4,0,9,0.444444444,1,1,0.604,3.576,0.467,22,2.349,"[(12, 11, 9, 8, 17, 18, 15, 13), (8, 9, 11, 12, 13)]",0,['-'],0,1,0,0,-4.077040035,3.132993512,3.17847138,140.1714517,299.4427428,5.999905513,4.117926901,-4.623019647,-4.675138042,0.87054199,0.591916978,0.106769964,0.555688381,0.320630252,0.931156702,0.996412972,0.994710088,0.999206126,0.111312099,0.645136297,0.008013487,0.994515836,95.5142236,-0.328025654,4.349244804,0.713760257,0.000925936,0.933948517,0.005794893,0.832393527,0.172050104,0.000634123,0.000451255,0.004850236,0.634590328,0.999998927,2.27E-09,0.996167123,0.068327576,2.297188958,1.629476276,1.660255917,4.481572168,5.831462933,5.395317375,0.025155522,0.051041149,0.638448417,0.239788026,0.340615511,0.078865655,0.865880251,0.330023825,0.724340916,0.983561933,0.745424628,0.640321553,0.149296924,0.521072149,0.589648902,0.698221743,0.161156952,0.054380566,0.009615445,0.016321147,0.486672252,0.000768381,0.001444104,0.239874229,0.080821931,0.01983298,0.028041992,0.943443298,0.018483836,0.318298489,0.862345338,0.991407037,4,1,0,0,"[(8,), (11,), (8, 9, 11, 10), (8,), (8, 6, 17, 9, 11, 12), (8, 6, 9, 11, 13, 12)]","[(8, 9, 11, 12, 13), (8, 9, 11, 12, 13, 15, 17, 18), (8,)]","[(8, 9, 11), (12, 11, 9, 8, 17, 18, 15, 13)]","[(8,), (8, 9, 11, 12, 13)]",0.284,0.418,0.136,0.239,0.876,0.899,0.433,TQ_D5,CC(=CCC[C@@H](C1=C(O)C(=O)C(=C(C1=O)O)C)C)C,C15H20O4,264.32,19,0,0.47,4,4,2,74.23,74.6,n/d,3.22,3.16,0.63,2.94,2.49,-3.24,1.51E-01,5.71E-04,Soluble,-4.46,9.18E-03,3.47E-05,Moderately soluble,-2.62,6.41E-01,2.43E-03,Soluble,0,0,No,n/d,n/d,n/d,n/d,n/d,-5.63,0,0,0,0,0,0.85,1,2,0,3.83
TQ_D6,CC1=C(O)C(=O)C([C@@]2(C)CC(=O)CC2(C)C)=C(O)C1=O,278.12,281.6521594,0.987459143,5,2,91.67,1,2,6,5,0,14,0.071428571,1,1,0.717,3.839,0.533,44.609,1.977,"[(5, 4, 2, 1, 18, 19, 16, 6), (1, 2, 4, 5, 6)]",0,['-'],0,0,0,0,-2.513197736,1.081995053,0.759106643,229.5474497,299.5954708,5.458050816,2.21235951,-4.574627551,-4.629882431,0.877740026,0.834489763,0.0190823,0.49015522,0.035640538,0.877626806,0.998703189,0.999867439,0.99999547,0.15356569,0.890170515,0.001719078,0.979356349,78.60943884,-0.299821311,22.76305023,0.00103906,0.859509587,0.117184781,0.947438717,0.503512681,0.967084527,0.002001233,9.38E-05,0.055437732,0.986506045,0.001555015,0.009169384,0.500936508,0.933335423,2.424485142,1.694168051,0.612527483,3.266140756,4.631354609,3.979203017,0.011012116,0.030695911,0.590547979,0.373564065,0.539061844,0.148790315,0.767011881,0.440801233,0.244859323,0.957182288,0.546738863,0.608846545,0.11191266,0.493617326,0.677812815,0.754676402,0.823372245,0.054599855,0.007690107,0.038240861,0.067573339,0.000122105,1.90E-05,0.574163795,0.01152927,0.00206575,0.000267571,0.770602465,0.001306372,0.08861886,0.195422739,0.99079448,4,1,0,0,"[(1,), (4,), (9, 10, 11, 12), (1, 2, 4, 3), (1,), (1, 0, 18, 2, 4, 5), (1, 0, 2, 4, 6, 5)]","[(1, 2, 4, 5, 6), (1, 2, 4, 5, 6, 16, 18, 19), (9, 10, 11, 12), (1,)]","[(1, 2, 4), (5, 4, 2, 1, 18, 19, 16, 6)]","[(1,), (1, 2, 4, 5, 6)]",0.47,0.003,0.159,0.102,0.697,0.866,0.115,TQ_D6,O=C1CC([C@@](C1)(C)C1=C(O)C(=O)C(=C(C1=O)O)C)(C)C,C15H18O5,278.3,20,0,0.53,1,5,2,72.27,91.67,n/d,1.36,2.18,-0.2,2.58,1.48,-2.36,1.23E+00,4.40E-03,Soluble,-2.89,3.61E-01,1.30E-03,Soluble,-2.92,3.37E-01,1.21E-03,Soluble,0,1,No,n/d,n/d,n/d,n/d,n/d,-7.03,0,0,0,0,0,0.56,1,1,0,3.98
TQ_D7,CC(CO)CCCC(C)(O)C1=CC(=O)C(CO)=CC1=O,282.15,292.8450773,0.963478719,5,3,94.83,7,1,6,5,0,8,0.875,2,1,0.592,3.984,0.6,22,1.916,"[(13, 12, 11, 10, 18, 19, 17, 14), (10, 11, 12, 13, 14)]",0,['-'],0,0,0,0,-1.908925527,1.026348819,1.154492951,75.62456238,283.3315559,9.425980593,6.949794438,-4.933386422,-4.616290697,0.995455861,0.005701026,0.005064824,0.980122592,0.136723518,0.961440809,0.916825399,0.468531519,0.9903813,0.002506106,0.422897011,0.007293495,0.815933108,40.3096201,-0.054751701,60.9440062,0.00041663,0.024125353,1.41E-05,0.000175475,2.56E-05,0.118049182,2.20E-06,0.000242911,0.008043575,0.00143366,0.00023834,1.21E-09,0.098595098,0.402466506,7.157229951,1.275583063,0.556472792,3.244393388,4.989557796,4.006107729,0.02549533,0.16850695,0.413428992,0.831005156,0.181332752,0.469087005,0.962399364,0.873726845,0.005590699,0.912980258,0.304217398,0.842156053,0.179020986,0.55215627,0.820662141,0.516807497,0.921081901,0.154715329,0.063570768,0.324811041,0.003821919,0.030855201,0.002265911,0.075608201,0.06353727,0.001305393,0.000539565,0.693424523,0.000892938,0.062644124,0.005382857,0.245563462,4,4,0,0,"[(10,), (10,), (10, 7, 18, 11, 12, 13), (10, 7, 11, 12, 14, 13), (18,)]","[(10, 11, 12, 13, 14), (10, 11, 12, 13, 14, 17, 18, 19), (3, 2, 1), (10,)]","[(10, 11, 12), (13, 12, 11, 10, 18, 19, 17, 14)]","[(10,), (10, 11, 12, 13, 14), (17, 14, 15, 16)]",0.025,0.337,0.158,0.189,0.648,0.128,0.352,TQ_D7,OCC(CCCC(C1=CC(=O)C(=CC1=O)CO)(O)C)C,C15H22O5,282.33,20,0,0.6,7,5,3,75.08,94.83,n/d,0.79,0.53,-0.12,2.15,0.84,-1.63,6.68E+00,2.37E-02,Very soluble,-2.36,1.23E+00,4.34E-03,Soluble,-1.99,2.86E+00,1.01E-02,Soluble,0,0,Yes,n/d,n/d,n/d,n/d,n/d,-7.46,0,0,0,0,0,0.55,1,1,0,4.1
TQ_D8,CC(C)C1=C(O)C(=O)C(/C=C/c2ccccc2)=C(N)C1=O,283.12,301.7510597,0.938256854,4,3,80.39,3,2,6,4,0,15,0.2,0,0,0.835,2.788,0.176,28,0.901,"[(7, 6, 4, 3, 19, 20, 17, 8), (3, 4, 6, 7, 8)]",0,['-'],0,0,0,0,-4.27495328,2.68986941,2.677127344,175.7325824,311.3370556,7.004442217,4.315006517,-4.692730798,-4.76171279,0.28820619,0.535697639,0.002642756,0.054314494,0.242683351,0.880233206,0.910876319,0.985963047,0.997277081,0.000934825,0.955341458,0.021772161,0.898888946,97.24004669,0.001256585,2.465421169,0.999994874,2.32E-07,0.91700834,7.55E-08,0.990631163,0.002515978,0.000329882,7.71E-06,1.94E-05,1.49E-08,0.965491712,8.67E-10,1,0.119892366,4.670530185,1.035910991,1.367551393,4.383027057,5.489915655,5.224022248,0.078655995,0.167553753,0.878330886,0.725714743,0.342481852,0.359640986,0.809458375,0.59377569,0.003220076,0.763202012,0.310862809,0.857279718,0.276481032,0.447478712,0.787491262,0.764277041,0.989273608,0.12171676,0.032683406,0.230692029,0.888184071,0.013449731,0.012733895,0.759466588,0.908362329,0.065771535,0.032216631,0.987555444,0.4824889,0.206069455,0.96832037,0.778504252,4,1,0,0,"[(3,), (6,), (3, 4, 6, 5), (3,), (3, 1, 19, 4, 6, 7), (3, 1, 4, 6, 8, 7), (9, 10, 11), (10, 9, 8, 17, 19)]","[(3, 4, 6, 7, 8), (3, 4, 6, 7, 8, 17, 19, 20), (3,)]","[(3, 4, 6), (7, 6, 4, 3, 19, 20, 17, 8)]","[(3,), (3, 4, 6, 7, 8)]",0.962,0.998,0.779,0.827,0.347,0.315,0.379,TQ_D8,NC1=C(/C=C/c2ccccc2)C(=O)C(=C(C1=O)C(C)C)O,C17H17NO3,283.32,21,6,0.18,3,3,2,81.41,80.39,n/d,2.83,2.42,0.88,2.9,2.26,-3.39,1.15E-01,4.05E-04,Soluble,-4.18,1.89E-02,6.67E-05,Moderately soluble,-3.76,4.96E-02,1.75E-04,Soluble,0,1,No,n/d,n/d,n/d,n/d,n/d,-6.02,0,0,0,0,0,0.56,1,1,0,3.56
TQ_D9,CC(C)C1=C(O)C(=O)C2=C(CCC3C2CCCC3(C)C)C1=O,302.19,327.3356464,0.923180849,3,1,54.37,1,3,14,3,0,18,0.055555556,2,1,0.741,3.84,0.684,52.5,2.462,"[(7, 6, 4, 3, 20, 21, 9, 8), (3, 4, 6, 7, 8)]",0,['-'],0,1,0,0,-4.882665013,3.847132543,3.987744625,172.2271507,319.9938915,7.527907015,4.014984735,-4.697635475,-4.844259857,0.122146778,0.901689947,0.000295202,0.862437442,0.249933004,0.981646201,0.99567711,0.982213378,0.998599589,0.004387341,0.995107651,0.007319857,0.959947169,97.56771106,0.250213057,2.774119525,0.936582804,0.00140915,0.871981263,0.008204585,0.999142885,0.021136476,0.014886443,0.001518295,0.005402968,2.62E-05,0.0366804,0.000274524,0.971730888,0.996903002,3.142418135,1.261354922,2.219412926,4.967149939,6.628950597,6.312311621,0.038068667,0.235407352,0.611194074,0.331685692,0.329310954,0.675758064,0.431929499,0.778155029,0.01196819,0.360128254,0.658022702,0.808066845,0.109217964,0.713402867,0.693431854,0.600995362,0.15713723,0.07975062,0.044377461,0.369309306,0.001589079,0.013092627,0.000375968,0.178327546,0.104086995,0.021725189,0.000389237,0.763998032,0.001120172,0.009198247,0.444863409,0.099738114,4,1,0,0,"[(3,), (6,), (3, 4, 6, 5), (3,), (3, 1, 20, 4, 6, 7), (3, 1, 4, 6, 8, 7)]","[(3, 4, 6, 7, 8), (3, 4, 6, 7, 8, 9, 20, 21), (3,)]","[(3, 4, 6), (7, 6, 4, 3, 20, 21, 9, 8)]","[(3,), (3, 4, 6, 7, 8)]",0.074,0.078,0.05,0.104,0.516,0.766,0.174,TQ_D9,O=C1C2=C(CCC3C2CCCC3(C)C)C(=O)C(=C1O)C(C)C,C19H26O3,302.41,22,0,0.68,1,3,1,87.87,54.37,n/d,4.51,4.14,2.53,4,3.79,-4.49,9.78E-03,3.23E-05,Moderately soluble,-5.37,1.28E-03,4.24E-06,Moderately soluble,-4.02,2.88E-02,9.53E-05,Moderately soluble,0,0,No,n/d,n/d,n/d,n/d,n/d,-4.94,0,0,0,0,0,0.85,1,1,1,4.44
TQ_D10,CC1=CC(=O)C2=C(C1=O)[C@H](O)[C@H]1[C@@H](CC[C@@]1(C)O)C2(C)C,290.15,301.5339029,0.96224669,4,2,74.6,0,3,13,4,0,17,0,4,1,0.664,4.415,0.647,57.5,2.375,"[(4, 3, 2, 1, 7, 8, 6, 5), (1, 2, 3, 4, 5)]",0,['-'],0,0,0,0,-3.313510248,2.247806684,1.933039666,196.3628918,298.6198547,7.504399123,5.023793638,-4.992781761,-4.777138617,0.970361948,0.352974653,0.20886749,0.215174198,0.097318411,0.295854867,0.889230788,0.992141366,0.986420751,0.000921458,0.995319307,0.001482949,0.970398307,53.79192521,0.072909181,48.21004076,0.471387953,0.488609493,0.086988606,0.001461214,0.009706037,8.12E-05,0.004158621,1.95E-05,0.010894057,0.631935835,0.083267808,4.28E-11,0.811474025,0.160904124,9.833474484,1.650700284,0.967553236,3.560468787,5.073286393,4.406273339,0.037031446,0.293707669,0.480143428,0.571394384,0.681098402,0.833809257,0.99263978,0.901560724,0.505482137,0.981737912,0.79408294,0.863052666,0.208289266,0.302573681,0.734636962,0.591502011,0.744289041,0.080494881,0.114206001,0.538251162,0.102322049,0.044504017,0.001434094,0.970976949,0.027135268,0.076848432,0.004687677,0.858808935,0.096913345,0.775772452,0.445776612,0.996399522,4,4,0,0,"[(1,), (3,), (3,), (1,), (1, 0, 7, 2, 3, 4), (1, 0, 2, 3, 5, 4)]","[(1, 2, 3, 4, 5), (1, 2, 3, 4, 5, 6, 7, 8), (10, 9, 11), (1,)]","[(1, 2, 3), (4, 3, 2, 1, 7, 8, 6, 5)]","[(1,), (1, 2, 3, 4, 5)]",0.36,0.36,0.164,0.001,0.398,0.413,0.43,TQ_D10,O[C@H]1C2=C(C(=O)C=C(C2=O)C)C([C@H]2[C@H]1[C@](C)(O)CC2)(C)C,C17H22O4,290.35,21,0,0.65,0,4,2,79.04,74.6,n/d,1.05,1.56,1.21,2.35,1.54,-2.3,1.45E+00,4.99E-03,Soluble,-2.21,1.80E+00,6.20E-03,Soluble,-2.66,6.31E-01,2.17E-03,Soluble,0,1,Yes,n/d,n/d,n/d,n/d,n/d,-7.33,0,0,0,0,0,0.55,1,1,0,4.61
TQ_D11,CC(C)C1=C(O)C(=O)C2=C(C=C[C@@]3(C)C2=CCCC3(C)C)C1=O,312.17,339.3587137,0.919882082,3,1,54.37,1,3,14,3,0,18,0.055555556,1,1,0.737,4.045,0.5,52.133,2.416,"[(7, 6, 4, 3, 21, 22, 9, 8), (3, 4, 6, 7, 8)]",0,['-'],0,1,0,0,-4.749045042,3.284243971,3.672107641,180.1009818,316.6221688,6.97244964,3.546505323,-4.634949499,-4.707364079,0.382216632,0.993604958,0.021069773,0.635520101,0.492501855,0.989225861,0.999176087,0.998753071,0.99814117,0.062609471,0.999220252,0.006414817,0.993060708,96.82220608,0.046336109,2.520641318,0.841671646,0.883525014,0.972842753,0.543337047,0.785089254,0.18957752,0.607360423,4.77E-05,0.766025305,0.897280276,0.997579753,0.028912475,0.999828219,0.998544097,2.592662601,1.221334554,2.147105914,4.898316216,6.620982954,6.19608171,0.021746514,0.072156005,0.401207626,0.40266946,0.759280443,0.726842225,0.865750194,0.898145199,0.01806983,0.806217253,0.651108861,0.650165081,0.0430599,0.480751395,0.470661044,0.746994495,0.966572702,0.150118917,0.01384564,0.222374707,0.008625777,0.010580358,0.000107922,0.829112411,0.202559382,0.003745216,0.001146489,0.781214654,0.005816512,0.006826081,0.187860712,0.274237841,4,1,0,0,"[(3,), (6,), (3, 4, 6, 5), (3,), (3, 1, 21, 4, 6, 7), (3, 1, 4, 6, 8, 7), (11, 10, 9, 8, 6)]","[(3, 4, 6, 7, 8), (3, 4, 6, 7, 8, 9, 21, 22), (3,)]","[(3, 4, 6), (7, 6, 4, 3, 21, 22, 9, 8)]","[(3,), (3, 4, 6, 7, 8)]",0.739,0.282,0.451,0.377,0.671,0.782,0.152,TQ_D11,O=C1C(=C(C(C)C)C(=O)C2=C1C1=CCCC([C@]1(C=C2)C)(C)C)O,C20H24O3,312.4,23,0,0.5,1,3,1,91.47,54.37,n/d,4.27,4.23,2.59,4.08,3.79,-4.4,1.24E-02,3.97E-05,Moderately soluble,-5.12,2.35E-03,7.52E-06,Moderately soluble,-4.14,2.28E-02,7.31E-05,Moderately soluble,0,0,No,n/d,n/d,n/d,n/d,n/d,-5.17,0,0,0,0,0,0.85,1,1,1,4.65
TQ_D12,CCCC1=C(O)C(=O)C2=C(CC[C@H]3[C@@H](C)[C@@H](C)CC[C@]23C)C1=O,316.2,344.6316316,0.917501387,3,1,54.37,2,3,14,3,0,18,0.111111111,4,1,0.762,4.309,0.7,51.882,2.363,"[(7, 6, 4, 3, 21, 22, 9, 8), (3, 4, 6, 7, 8)]",0,['-'],0,1,1,0,-5.214945877,4.082795418,4.540621505,156.423602,334.7931219,7.727528032,3.319368225,-4.573762382,-4.548837588,0.596580923,0.72319454,0.006890617,0.021776855,0.306667566,0.903813668,0.988877908,0.9984321,0.997338235,0.091187887,0.974685907,0.002932327,0.316611737,97.16748943,-0.014417873,2.601654666,0.673476517,0.382053196,0.391342044,0.895689309,0.945315838,0.075514138,0.005024167,4.48E-05,0.0041393,0.940853953,0.726045132,0.002658648,0.652152002,0.550672948,9.227006045,0.674848975,1.963673072,4.91714677,6.323588594,5.927304556,0.023084359,0.088324673,0.700937152,0.359426916,0.096100785,0.181478217,0.905794561,0.914092064,0.74748069,0.996807575,0.745187461,0.653140545,0.016984433,0.435449541,0.87888211,0.687502146,0.044140279,0.053832106,0.089353941,0.241417751,0.043077905,0.21670489,0.06118698,0.596048951,0.819389582,0.590497136,0.055291448,0.892413676,0.005137741,0.413934946,0.735607922,0.972030401,4,1,0,0,"[(3,), (6,), (3, 4, 6, 5), (3,), (3, 2, 21, 4, 6, 7), (3, 2, 4, 6, 8, 7)]","[(3, 4, 6, 7, 8), (3, 4, 6, 7, 8, 9, 21, 22), (3,)]","[(3, 4, 6), (7, 6, 4, 3, 21, 22, 9, 8)]","[(3,), (3, 4, 6, 7, 8)]",0.506,0.442,0.081,0.001,0.678,0.742,0.073,TQ_D12,CCCC1=C(O)C(=O)C2=C(C1=O)CC[C@@H]1[C@]2(C)CC[C@@H]([C@@H]1C)C,C20H28O3,316.43,23,0,0.7,2,3,1,92.68,54.37,n/d,5.13,4.53,2.76,4.28,4.17,-4.9,3.97E-03,1.25E-05,Moderately soluble,-6.02,3.05E-04,9.63E-07,Poorly soluble,-4.54,9.02E-03,2.85E-05,Moderately soluble,0,0,No,n/d,n/d,n/d,n/d,n/d,-4.59,0,0,0,0,1,0.85,1,1,1,4.88
TQ_D13,CC1=C(Br)C(=O)C(C(C)C)=C(Br)C1=O,319.9,218.561709,1.463659858,2,0,34.14,1,1,6,4,0,8,0.125,0,0,0.695,3.198,0.4,10,0.682,"[(5, 4, 2, 1, 12, 13, 10, 6), (5, 4, 6, 10, 12, 1, 2, 3), (1, 2, 3), (1, 2, 4, 5, 6)]",0,['-'],0,1,0,0,-4.452518347,3.201379309,3.412696154,75.2872825,278.7299023,6.59848975,2.078335065,-4.640047197,-4.65647192,0.165828943,0.973689079,1.80E-05,0.787700996,0.024371266,0.880279593,0.702622801,0.997406781,0.999796689,0.000354709,0.999975801,0.002589435,0.966487706,93.68934182,0.102660514,4.899346492,0.999998689,0.021897091,0.999937534,0.004621152,0.999993443,4.56E-07,0.216142371,1.20E-08,0.941994309,0.088092417,0.996770501,0.000286515,0.999961019,0.820772052,5.914214599,1.782881504,1.704286575,5.009676362,6.2562458,5.965802692,0.032699268,0.366964161,0.852970958,0.941328108,0.778774619,0.89246428,0.999240875,0.973966956,0.999993801,0.999788582,0.961655557,0.59473455,0.288869619,0.049824949,0.426153541,0.256422937,0.992496014,0.179314733,0.017047819,0.688283741,0.012749641,0.000870974,0.001255275,0.16068399,0.099802844,0.000812191,0.001614017,0.901149035,0.000255445,0.077309236,0.102041468,0.336469382,7,1,0,0,"[(1,), (4,), (1,), (1, 0, 12, 2, 4, 5), (1, 0, 2, 4, 6, 5)]","[(1, 2, 4, 5, 6), (1, 2, 4, 5, 6, 10, 12, 13), (1,)]","[(1, 2, 4), (5, 4, 2, 1, 12, 13, 10, 6)]","[(1,), (1, 2, 4, 5, 6)]",0.255,0.277,0.019,0.266,0.923,0.689,0.023,TQ_D13,O=C1C(=C(Br)C(=O)C(=C1Br)C(C)C)C,C10H10Br2O2,321.99,14,0,0.4,1,2,0,63.26,34.14,n/d,3.34,3.11,1.93,3.64,3,-3.87,4.30E-02,1.33E-04,Soluble,-3.73,5.94E-02,1.84E-04,Soluble,-4.16,2.24E-02,6.95E-05,Moderately soluble,0,0,No,n/d,n/d,n/d,n/d,n/d,-5.89,0,0,0,0,0,0.55,2,1,0,3.35
TQ_D14,CC(C)C1=C(O)C(=O)C2=C(C=C[C@@]3(C)C(C)(C)CCC[C@]23C)C1=O,328.2,359.2911579,0.913465285,3,1,54.37,1,3,14,3,0,18,0.055555556,2,1,0.71,4.28,0.619,58.824,2.601,"[(7, 6, 4, 3, 22, 23, 9, 8), (3, 4, 6, 7, 8)]",0,['-'],0,1,0,0,-4.511555866,3.550478162,3.809697909,178.2649411,305.0896662,7.538485466,4.045226743,-4.66003647,-4.738724701,0.329356134,0.978451252,0.006573357,0.269933939,0.386315107,0.96468056,0.998963788,0.998648345,0.998972654,0.100629345,0.997650802,0.048494607,0.990830898,95.12365892,0.188632337,4.042114028,0.971338809,0.009543926,0.930561006,0.260205716,0.989846647,0.000139953,0.12228588,7.92E-06,0.375187397,0.987667322,0.999998093,0.095969297,0.999976039,0.57856667,5.505051091,0.76654363,2.411310099,4.882459214,6.367119448,6.082092332,0.024081267,0.07239861,0.448945433,0.371687442,0.826824725,0.778979838,0.814496696,0.867730379,0.03149141,0.896606863,0.798044443,0.566897333,0.062801741,0.452532381,0.405521929,0.791238368,0.925512671,0.153485596,0.006750889,0.14298825,0.000621748,0.009678436,2.25E-05,0.511555731,0.055306841,0.001029838,0.000160257,0.602027237,0.002288942,0.005735036,0.219470367,0.077872135,4,1,0,0,"[(3,), (6,), (3, 4, 6, 5), (3,), (3, 1, 22, 4, 6, 7), (3, 1, 4, 6, 8, 7), (11, 10, 9, 8, 6)]","[(3, 4, 6, 7, 8), (3, 4, 6, 7, 8, 9, 22, 23), (3,)]","[(3, 4, 6), (7, 6, 4, 3, 22, 23, 9, 8)]","[(3,), (3, 4, 6, 7, 8)]",0.55,0.35,0.578,0.09,0.607,0.755,0.049,TQ_D14,O=C1C(=C(C(C)C)C(=O)C2=C1[C@@]1(C)CCCC([C@@]1(C=C2)C)(C)C)O,C21H28O3,328.45,24,0,0.62,1,3,1,96.49,54.37,n/d,5.39,4.7,2.89,4.6,4.39,-5.21,2.04E-03,6.22E-06,Moderately soluble,-6.29,1.70E-04,5.17E-07,Poorly soluble,-4.75,5.81E-03,1.77E-05,Moderately soluble,0,0,No,n/d,n/d,n/d,n/d,n/d,-4.48,0,0,0,0,1,0.85,1,1,1,4.99
TQ_D15,CC(C)C1=C(O)C(=O)C2=C(CC[C@H]3[C@@](C)(CO)CCC[C@]23C)C1=O,332.2,353.4218586,0.93995318,4,2,74.6,2,3,14,4,0,18,0.111111111,3,1,0.759,4.222,0.7,56.824,2.941,"[(7, 6, 4, 3, 22, 23, 9, 8), (3, 4, 6, 7, 8)]",0,['-'],0,0,0,0,-4.27238409,2.650242856,2.574383238,218.2189058,312.4153676,8.100702923,5.284126649,-4.646567338,-4.715536317,0.958422482,0.35809955,0.023600779,0.8345512,0.840239137,0.989827625,0.999643697,0.970194459,0.989062846,0.163819894,0.913621724,0.000608499,0.913854718,93.74006274,0.224982676,6.350995662,0.147197381,0.022244679,0.01132305,0.03835164,0.758632898,0.002064269,0.000170575,3.74E-05,0.001626565,0.523012102,0.791347802,0.000376951,0.984158754,0.040338609,5.981475324,1.044402648,1.421599682,4.10829127,5.754143194,5.032164709,0.031009981,0.104834795,0.427838534,0.375636786,0.179243863,0.343520194,0.890907347,0.858521998,0.010754033,0.83634156,0.305804521,0.819589138,0.035105236,0.5334602,0.732386827,0.710749328,0.294720173,0.063371226,0.040001079,0.254014194,0.001958607,0.145111918,0.014168954,0.335552156,0.172350079,0.003008042,0.000330076,0.447859913,0.002472861,0.005003459,0.076020695,0.125465199,4,1,0,0,"[(3,), (6,), (3, 4, 6, 5), (3,), (3, 1, 22, 4, 6, 7), (3, 1, 4, 6, 8, 7)]","[(3, 4, 6, 7, 8), (3, 4, 6, 7, 8, 9, 22, 23), (16, 15, 13), (3,)]","[(3, 4, 6), (7, 6, 4, 3, 22, 23, 9, 8)]","[(3,), (3, 4, 6, 7, 8)]",0.115,0.03,0.05,0.011,0.428,0.761,0.068,TQ_D15,OC[C@@]1(C)CCC[C@]2([C@H]1CCC1=C2C(=O)C(=C(C1=O)C(C)C)O)C,C20H28O4,332.43,24,0,0.7,2,4,2,93.58,74.6,n/d,3.65,3.5,1.9,3.89,3.24,-4.07,2.84E-02,8.54E-05,Moderately soluble,-4.91,4.13E-03,1.24E-05,Moderately soluble,-4.05,2.94E-02,8.83E-05,Moderately soluble,0,0,Yes,n/d,n/d,n/d,n/d,n/d,-5.74,0,0,0,0,0,0.85,1,1,1,4.8
TQ_D16,COc1cc(C)c2c(c1)CC1=C(C=C2O)C(=O)C(C(C)C)=C(O)C1=O,340.13,351.6662498,0.967195459,5,2,83.83,2,3,15,5,0,19,0.105263158,0,1,0.807,3.172,0.3,43.615,1.523,"[(16, 15, 11, 10, 23, 24, 21, 17), (10, 11, 15, 16, 17)]",0,['-'],0,0,0,0,-4.639482472,2.804584337,3.104928611,209.6696209,321.7702633,7.694622323,3.347307074,-4.573403942,-4.641726515,0.80898118,0.349936217,0.098937124,0.893487625,0.737028271,0.985926464,0.998619145,0.993722379,0.999032497,0.095929496,0.921880901,9.65E-05,0.979813635,97.98755835,-0.255661018,1.636226649,0.999943614,0.734958768,0.119041756,0.003528326,0.865145326,0.607246995,0.000820455,0.001231512,0.01105081,0.004813214,0.791350543,0.000249963,0.866865695,0.12590839,1.979429063,1.23426592,1.701613738,4.498980464,5.860626109,5.474893022,0.024995463,0.059883691,0.945442319,0.643851578,0.663552165,0.450929433,0.83929044,0.869235456,0.00280968,0.785899222,0.761821747,0.79339081,0.18331641,0.677391827,0.899337053,0.906346083,0.963529468,0.252652049,0.051343467,0.282164633,0.394670516,0.068417758,0.001811804,0.499625832,0.116884947,0.003103846,0.000335245,0.865500629,0.002650361,0.102071993,0.701930165,0.704608381,4,1,0,0,"[(10,), (15,), (12, 13, 6, 14), (10,), (10, 9, 23, 11, 15, 16), (10, 9, 11, 15, 17, 16)]","[(10, 11, 15, 16, 17), (10, 11, 15, 16, 17, 21, 23, 24), (10,)]","[(10, 11, 15), (16, 15, 11, 10, 23, 24, 21, 17)]","[(10,), (10, 11, 15, 16, 17)]",0.487,0.378,0.831,0.448,0.246,0.815,0.19,TQ_D16,COc1cc2CC3=C(C=C(c2c(c1)C)O)C(=O)C(=C(C3=O)O)C(C)C,C20H20O5,340.37,25,6,0.3,2,5,2,94.59,83.83,n/d,3.15,3.38,1.02,3.63,2.79,-3.98,3.56E-02,1.05E-04,Soluble,-4.58,8.94E-03,2.63E-05,Moderately soluble,-4.52,1.03E-02,3.03E-05,Moderately soluble,0,1,No,n/d,n/d,n/d,n/d,n/d,-6.14,0,0,0,0,0,0.56,1,1,0,3.84
TQ_D17,CC(C)C1=C(O)C(=O)C2=C(C(=O)C[C@H]3C(C)(C)C(=O)CC[C@]23C)C1=O,344.16,356.9391677,0.964197912,5,1,88.51,1,3,14,5,0,20,0.05,2,1,0.584,3.982,0.6,59.375,2.799,"[(7, 6, 4, 3, 23, 24, 9, 8), (3, 4, 6, 7, 8)]",0,['-'],0,0,0,0,-4.102665666,1.863489077,1.610085741,251.4567371,320.96131,6.97566865,2.682595535,-4.489135248,-4.722583085,0.916057527,0.986712098,0.000291226,0.90263211,0.59079802,0.983907223,0.998799064,0.998244047,0.99999094,0.072779752,0.999803245,3.22E-05,0.955352366,84.12020526,0.360943295,16.70060604,0.152605832,0.00068108,0.745694101,0.057388138,0.869153202,6.00E-07,4.61E-05,3.25E-10,0.041736867,0.998089731,0.749280751,0.000207872,0.999972343,0.839630842,4.465481515,0.882825525,1.134836996,3.797848494,5.157664564,4.652316305,0.008109253,0.064041831,0.867078662,0.527946949,0.584976912,0.434839189,0.963912666,0.905493438,0.003375528,0.396070778,0.128164425,0.86116612,0.233680099,0.564465344,0.942667127,0.938333929,0.994647682,0.195896134,0.019917987,0.293056309,0.005542485,0.074508063,0.00155168,0.867611647,0.680092692,0.008558464,0.001238398,0.412858099,0.022481257,0.003223272,0.034700725,0.55213362,4,1,0,0,"[(3,), (6,), (14, 17, 18, 19), (3, 4, 6, 5), (3,), (8, 9, 10, 11, 12), (3, 1, 23, 4, 6, 7), (3, 1, 4, 6, 8, 7)]","[(3, 4, 6, 7, 8), (3, 4, 6, 7, 8, 9, 23, 24), (14, 17, 18, 19), (3,)]","[(3, 4, 6), (7, 6, 4, 3, 23, 24, 9, 8)]","[(3,), (3, 4, 6, 7, 8)]",0.421,0.035,0.091,0.033,0.486,0.784,0.044,TQ_D17,O=C1C[C@@H]2[C@](C3=C1C(=O)C(=C(C3=O)O)C(C)C)(C)CCC(=O)C2(C)C,C20H24O5,344.4,25,0,0.6,1,5,1,92.82,88.51,n/d,2.32,2.89,0.91,3.89,2.5,-3.37,1.47E-01,4.26E-04,Soluble,-3.82,5.24E-02,1.52E-04,Soluble,-4.38,1.43E-02,4.15E-05,Moderately soluble,0,1,No,n/d,n/d,n/d,n/d,n/d,-6.75,0,0,0,0,0,0.56,1,2,0,4.62
TQ_D18,CC(C)C1=C(O)C(=O)C2=C(CC[C@@]3(C)C(C)(C)C(=O)CC[C@]23C)C1=O,344.2,368.0813849,0.935119281,4,1,71.44,1,3,14,4,0,19,0.052631579,2,0,0.727,4.257,0.667,62.4,2.561,"[(7, 6, 4, 3, 23, 24, 9, 8), (3, 4, 6, 7, 8)]",0,['-'],0,0,0,0,-3.997868306,2.270491799,2.274762829,226.1523054,293.4900307,7.181795218,4.537143628,-4.561605555,-4.729050524,0.883701563,0.989495695,0.002207819,0.518303543,0.763578326,0.97197515,0.999351189,0.999693036,0.999982953,0.583796859,0.999808133,0.00034181,0.992591023,84.13074655,0.364429012,15.61940402,0.452119052,0.724681199,0.000460657,0.045664947,0.304570884,0.000109634,1.94E-05,7.15E-09,0.018326914,0.997874141,0.963882506,0.002344478,0.997516274,0.08024323,5.888593044,1.002642361,1.311288448,3.974440326,5.461316058,4.87913729,0.017192325,0.079700135,0.607551217,0.422492087,0.478799105,0.346026033,0.689886808,0.799574733,0.015345846,0.632190526,0.28213954,0.76947552,0.129705206,0.481867462,0.830698133,0.768711269,0.974000096,0.113298789,0.02751169,0.208838955,0.002019347,0.132144794,0.000936171,0.943633556,0.653201461,0.00595261,0.001031132,0.146584347,0.004237078,0.001029031,0.008407271,0.246795997,4,1,0,0,"[(3,), (6,), (14, 17, 18, 19), (3, 4, 6, 5), (3,), (3, 1, 23, 4, 6, 7), (3, 1, 4, 6, 8, 7)]","[(3, 4, 6, 7, 8), (3, 4, 6, 7, 8, 9, 23, 24), (14, 17, 18, 19), (3,)]","[(3, 4, 6), (7, 6, 4, 3, 23, 24, 9, 8)]","[(3,), (3, 4, 6, 7, 8)]",0.528,0.012,0.121,0.065,0.576,0.744,0.039,TQ_D18,O=C1C(=C(C(C)C)C(=O)C2=C1[C@@]1(C)CCC(=O)C([C@@]1(CC2)C)(C)C)O,C21H28O4,344.44,25,0,0.67,1,4,1,97.16,71.44,n/d,3.61,4.1,2.04,4.7,3.61,-4.18,2.26E-02,6.55E-05,Moderately soluble,-4.8,5.49E-03,1.59E-05,Moderately soluble,-5.1,2.74E-03,7.96E-06,Moderately soluble,0,0,No,n/d,n/d,n/d,n/d,n/d,-5.84,0,0,0,0,0,0.85,1,1,1,4.66
TQ_D19,C=CCC1=C(O)C(=O)C2=C(C1=O)[C@H](O)[C@@H](O)[C@H]1C(C)(C)CCC[C@]21C,346.18,359.5756266,0.962746011,5,3,94.83,2,3,14,5,0,19,0.105263158,4,1,0.527,4.667,0.6,60,2.789,"[(7, 6, 4, 3, 10, 11, 9, 8), (3, 4, 6, 7, 8)]",0,['-'],0,0,0,0,-4.033059125,2.589697523,2.386206943,189.1116404,312.7808581,7.447734041,4.93103079,-4.969838522,-4.794624997,0.305284351,0.972183049,4.55E-05,0.935942657,0.448731244,0.998713224,0.990535222,0.999760568,0.99986887,0.015203643,0.910442352,0.000698605,0.184609503,95.65758682,0.006209975,3.954078412,0.004929756,0.010403925,0.198520377,0.084440611,0.966234684,0.926373124,0.01299251,0.003833887,0.285482913,0.001822086,0.986366689,4.54E-07,0.999626875,0.96937108,9.244912621,1.441037638,1.51993212,4.221843133,5.985670759,5.411637463,0.007038856,0.078608386,0.543480158,0.499774545,0.375579119,0.241592348,0.964243174,0.826733053,0.012644818,0.718745828,0.379079729,0.644226253,0.028304892,0.69280231,0.696572959,0.883525848,0.793810368,0.080199853,0.047725476,0.162598535,0.005224402,0.016530875,9.89E-05,0.11807251,0.030439267,0.004750562,0.000109021,0.06283801,0.003561615,0.004147171,0.375317693,0.014878787,4,1,0,0,"[(3,), (6,), (3, 4, 6, 5), (3,), (3, 2, 10, 4, 6, 7), (3, 2, 4, 6, 8, 7)]","[(3, 4, 6, 7, 8), (3, 4, 6, 7, 8, 9, 10, 11), (13, 12, 14), (3,)]","[(3, 4, 6), (7, 6, 4, 3, 10, 11, 9, 8), (1, 0)]","[(3,), (3, 4, 6, 7, 8)]",0.311,0.086,0.238,0.042,0.262,0.271,0.266,TQ_D19,C=CCC1=C(O)C(=O)C2=C(C1=O)[C@H](O)[C@H]([C@@H]1[C@]2(C)CCCC1(C)C)O,C20H26O5,346.42,25,0,0.6,2,5,3,94.27,94.83,n/d,2.73,2.39,0.99,2.88,2.25,-3.58,9.20E-02,2.66E-04,Soluble,-4.38,1.46E-02,4.21E-05,Moderately soluble,-3.02,3.31E-01,9.55E-04,Soluble,0,1,Yes,n/d,n/d,n/d,n/d,n/d,-6.47,0,0,0,0,0,0.56,1,2,0,5.07
TQ_D20,C[C@H](CO)C1=C(O)C(=O)C2=C(C[C@@H](O)[C@H]3C(C)(C)CCC[C@]23C)C1=O,348.19,362.2120855,0.961287638,5,3,94.83,2,3,14,5,0,18,0.111111111,4,1,0.667,4.599,0.7,59.294,2.92,"[(8, 7, 5, 4, 23, 24, 10, 9), (4, 5, 7, 8, 9)]",0,['-'],0,0,0,0,-3.62136237,1.806414842,1.694751333,236.2238982,324.2663838,7.773943625,4.089288813,-5.100103716,-5.022508758,0.966831148,0.665310383,0.01532721,0.381130576,0.427923322,0.905795366,0.97296077,0.995383322,0.998667955,0.014974182,0.950272441,0.000147519,0.96123594,88.04868927,-0.113524504,8.718592144,0.000171313,0.00054728,0.001260828,0.625352621,0.739290237,0.903132498,0.000312798,4.47E-05,0.025201434,0.939019203,0.999659777,7.10E-15,0.995543897,0.01486131,3.358223971,1.933888792,0.96495596,3.602064978,5.396767301,4.641873145,0.010414338,0.039456218,0.582470477,0.508634448,0.172203243,0.364434987,0.98706764,0.767241418,0.000907557,0.474127293,0.166175365,0.727412462,0.073402204,0.796612382,0.761965752,0.876314104,0.589799404,0.124718778,0.027433408,0.217685133,0.000288759,0.122889094,0.000460427,0.037088428,0.034463156,2.38E-05,2.52E-05,0.021187883,0.001210087,0.000262605,0.00558522,0.010166548,4,1,0,0,"[(4,), (7,), (4, 5, 7, 6), (4,), (4, 1, 23, 5, 7, 8), (4, 1, 5, 7, 9, 8)]","[(4, 5, 7, 8, 9), (4, 5, 7, 8, 9, 10, 23, 24), (3, 2, 1), (4,)]","[(4, 5, 7), (8, 7, 5, 4, 23, 24, 10, 9)]","[(4,), (4, 5, 7, 8, 9)]",0.346,0.185,0.141,0.033,0.252,0.456,0.098,TQ_D20,OC[C@H](C1=C(O)C(=O)C2=C(C1=O)C[C@@H](O)[C@@H]1[C@]2(C)CCCC1(C)C)C,C20H28O5,348.43,25,0,0.7,2,5,3,94.74,94.83,n/d,2.68,2.47,1.08,3,2.31,-3.56,9.67E-02,2.78E-04,Soluble,-4.32,1.65E-02,4.75E-05,Moderately soluble,-3.24,2.01E-01,5.77E-04,Soluble,0,1,Yes,n/d,n/d,n/d,n/d,n/d,-6.52,0,0,0,0,0,0.56,1,1,0,5.06
TQ_D21,COc1cc(C)c2c(c1)C(OC)C1=C(C=C2)C(=O)C(C(C)C)=C(O)C1=O,354.15,368.962235,0.959854333,5,1,72.83,3,3,15,5,0,19,0.157894737,1,1,0.839,3.688,0.333,64.5,1.477,"[(17, 16, 13, 12, 24, 25, 22, 18), (12, 13, 16, 17, 18)]",0,['-'],0,1,0,0,-4.967058252,3.224461241,3.565088434,159.6010724,320.2484684,7.492457473,3.302720481,-4.780791891,-4.641426461,0.064471245,0.957646728,0.037960447,0.741199464,0.208746672,0.928298511,0.983828209,0.999008715,0.999739707,0.025095725,0.998450875,0.00061402,0.977496386,98.34136761,0.007781693,1.41971767,0.998750806,0.634090841,0.572931051,0.430434555,0.935546458,0.675777316,0.009760343,0.013866524,0.158500135,0.216519594,0.956679523,0.227046624,0.992203593,0.324090093,3.071285296,1.395551531,1.798255902,4.458225306,6.088136004,5.512180864,0.05187697,0.140912101,0.910677195,0.75865978,0.513393104,0.521786571,0.691835999,0.880382657,0.004541962,0.661167026,0.435196072,0.787302852,0.49768889,0.562088609,0.854845285,0.899442792,0.929935396,0.226056755,0.065885805,0.275982887,0.600764573,0.050495796,0.009464786,0.700348198,0.466510236,0.011495983,0.00061166,0.932645917,0.037769731,0.051274873,0.827071071,0.963918209,7,1,0,0,"[(12,), (16,), (18, 22, 24, 23), (12,), (12, 9, 24, 13, 16, 17), (12, 9, 13, 16, 18, 17), (14, 15, 6), (15, 14, 13, 12, 24)]","[(12, 13, 16, 17, 18), (12, 13, 16, 17, 18, 22, 24, 25), (12,)]","[(12, 13, 16), (17, 16, 13, 12, 24, 25, 22, 18)]","[(12,), (12, 13, 16, 17, 18)]",0.559,0.585,0.756,0.489,0.298,0.522,0.045,TQ_D21,COC1C2=C(C=Cc3c1cc(OC)cc3C)C(=O)C(=C(C2=O)O)C(C)C,C21H22O5,354.4,26,6,0.33,3,5,1,98.91,72.83,n/d,3.22,3.2,1.24,3.78,2.86,-4.04,3.24E-02,9.15E-05,Moderately soluble,-4.42,1.34E-02,3.78E-05,Moderately soluble,-4.76,6.13E-03,1.73E-05,Moderately soluble,0,0,No,n/d,n/d,n/d,n/d,n/d,-6.18,0,0,0,0,0,0.85,1,1,1,4.52
TQ_D22,CCOC(=O)NC1=C(C2CC2)C(=O)C(NC(=O)OCC)=C(C2CC2)C1=O,362.15,353.1309454,1.025540256,8,2,110.8,10,3,6,8,0,16,0.625,0,1,0.699,2.923,0.556,27.143,-0.057,"[(12, 11, 7, 6, 24, 25, 20, 13), (6, 7, 11, 12, 13)]",0,['-'],0,0,0,0,-3.426840989,2.501375866,2.306734548,138.6051897,278.9103789,7.472536418,5.392325232,-4.577982592,-4.703933875,0.048947945,0.997675717,3.39E-05,0.753735676,0.875699751,0.999778504,0.983822381,0.992552042,0.99991107,0.000259945,0.997027934,2.68E-05,0.829307258,97.519564,0.330370812,2.489118145,0.99808228,1.04E-05,0.044259839,0.008828191,0.040894736,3.15E-06,0.000151943,1.98E-09,0.043594435,0.00021514,0.999970078,0.000582236,0.00153686,0.935256898,2.552232492,0.882715023,1.380336263,4.300154919,5.612937288,5.307751667,0.206026539,0.397278428,0.969479084,0.756405056,0.501278758,0.701228976,0.808283925,0.734314501,1.43E-06,0.233330429,0.207830921,0.837559164,0.153630897,0.314274579,0.599600554,0.584681392,0.997061193,0.115130536,0.058856349,0.608847857,0.753536224,0.714547873,0.164922297,0.3546682,0.152777106,0.001386631,0.468980342,0.385910124,0.024415901,0.402304113,0.154976323,0.908893287,4,1,0,4,"[(6,), (11,), (6,), (7, 8, 11, 6, 24, 25), (6, 24, 7, 11, 13, 12)]","[(6, 7, 11, 12, 13), (6, 7, 11, 12, 13, 20, 24, 25), (6,), (2, 3, 4, 5)]","[(5, 3, 4, 2, 1), (6, 7, 11), (12, 11, 7, 6, 24, 25, 20, 13)]","[(6,), (6, 7, 11, 12, 13), (5, 3, 4, 2)]",0.032,0,0.889,0.29,0.198,0.656,0.122,TQ_D22,CCOC(=O)NC1=C(C2CC2)C(=O)C(=C(C1=O)C1CC1)NC(=O)OCC,C18H22N2O6,362.38,26,0,0.56,10,6,2,90.7,110.8,n/d,1.61,1.83,0.48,1.98,1.48,-2.44,1.31E+00,3.62E-03,Soluble,-3.55,1.02E-01,2.83E-04,Soluble,-3.48,1.19E-01,3.30E-04,Soluble,0,1,Yes,n/d,n/d,n/d,n/d,n/d,-7.37,0,0,0,0,0,0.55,1,2,2,3.84
TQ_D23,C=C(C)C1=C(OC)C(=O)C2=C(CC[C@@]3(OC)C(C)(C)CCC(=O)[C@]23C)C1=O,372.19,391.5311381,0.950601277,5,0,69.67,3,3,14,5,0,20,0.15,2,1,0.71,4.614,0.591,62.4,2.125,"[(8, 7, 4, 3, 25, 26, 10, 9), (3, 4, 7, 8, 9)]",0,['-'],0,0,0,0,-4.147738247,2.469698955,2.399305243,156.4568685,297.7738664,8.287414547,4.281738792,-4.647994708,-4.662279431,0.307300508,0.943176687,0.00026144,0.142327785,0.324499071,0.869205356,0.99728293,0.999788344,0.999880314,0.099142998,0.992660403,0.097901694,0.896240652,96.33723123,0.442729356,2.65197896,0.000871814,0.995933712,0.461635679,0.980120838,0.123064645,0.052160226,1.16E-05,4.74E-05,0.157825202,0.998270631,0.298189729,0.007348268,0.827845871,0.598345935,6.203690186,0.866999122,1.450793871,3.991376578,5.726125085,5.153969735,0.031401176,0.22350432,0.406027675,0.596185625,0.440580279,0.498313427,0.964223444,0.914012372,0.024756277,0.73480469,0.115948722,0.882654965,0.347040296,0.313756078,0.771977961,0.63007462,0.984324932,0.160984084,0.048939146,0.414601862,0.002044286,0.004599159,2.07E-05,0.823322475,0.180824101,0.054400131,0.000175625,0.623692691,0.000510186,0.081060983,0.435972333,0.587258637,7,1,0,0,"[(3,), (7,), (20, 21, 22, 23), (3, 4, 7, 5), (3,), (3, 1, 25, 4, 7, 8), (3, 1, 4, 7, 9, 8)]","[(3, 4, 7, 8, 9), (3, 4, 7, 8, 9, 10, 25, 26), (20, 21, 22, 23), (3,)]","[(3, 4, 7), (8, 7, 4, 3, 25, 26, 10, 9)]","[(3,), (3, 4, 7, 8, 9)]",0.064,0.034,0.127,0.19,0.607,0.552,0.057,TQ_D23,COC1=C(C(=C)C)C(=O)C2=C(C1=O)[C@@]1(C)C(=O)CCC([C@@]1(CC2)OC)(C)C,C22H28O5,372.45,27,0,0.59,3,5,0,102.39,69.67,n/d,3.13,3.49,1.35,4.81,3.19,-3.92,4.45E-02,1.19E-04,Soluble,-4.26,2.04E-02,5.47E-05,Moderately soluble,-5.53,1.09E-03,2.93E-06,Moderately soluble,0,0,No,n/d,n/d,n/d,n/d,n/d,-6.35,0,0,0,0,0,0.85,1,1,1,5.08
TQ_D24,CC(C)C1=C(O)C(=O)C2=C(C1=O)[C@H](O)[C@@H]1OC(=O)[C@@]3(C)CC[C@@H](O)C(=C2)[C@@H]13,374.14,365.9631626,1.022343335,7,3,121.13,1,4,16,7,0,23,0.043478261,5,1,0.461,4.966,0.55,68.645,2.416,"[(7, 6, 4, 3, 10, 11, 9, 8), (15, 16, 17), (3, 4, 6, 7, 8)]",0,['-'],0,0,0,0,-3.143699708,1.423343218,0.868812832,233.9099944,321.0473891,6.626600003,4.708877763,-4.947538558,-4.686089228,0.991618097,0.853970945,0.451569259,0.801397219,0.898915991,0.999005613,0.999849796,0.999831319,0.999817669,0.028810779,0.999182284,1.37E-05,0.981473386,76.62577764,-0.016459535,17.28202102,0.081759863,7.88E-06,2.50E-06,2.69E-06,0.328008831,4.09E-08,1.15E-06,7.23E-09,0.000668642,0.077747636,0.001772978,5.08E-14,0.965575516,0.020415885,2.712022272,2.19736323,0.710935573,3.333791847,4.939130056,4.27213976,0.010452753,0.040978137,0.900434196,0.818011463,0.543393135,0.530002773,0.986529112,0.904880941,0.000809167,0.525478542,0.508824348,0.808841288,0.099538192,0.714964151,0.93435204,0.981492102,0.989863813,0.252271354,0.218054548,0.237161338,0.08257363,0.035735857,0.007065658,0.756656647,0.306175411,0.008808149,0.016490441,0.717450202,0.03967594,0.018936282,0.420198768,0.846457183,4,1,0,0,"[(3,), (6,), (3, 4, 6, 5), (3,), (3, 1, 10, 4, 6, 7), (3, 1, 4, 6, 8, 7)]","[(14,), (3, 4, 6, 7, 8), (3, 4, 6, 7, 8, 9, 10, 11), (13, 12, 14), (3,), (18, 16, 17, 15, 14)]","[(3, 4, 6), (7, 6, 4, 3, 10, 11, 9, 8)]","[(3,), (3, 4, 6, 7, 8)]",0.466,0.046,0.406,0.041,0.247,0.526,0.277,TQ_D24,O[C@H]1C2=C(C=C3[C@H]4[C@H]1OC(=O)[C@@]4(C)CC[C@H]3O)C(=O)C(=C(C2=O)C(C)C)O,C20H22O7,374.38,27,0,0.55,1,7,3,93.7,121.13,n/d,0.05,0.91,0.11,1.49,0.64,-2.13,2.80E+00,7.47E-03,Soluble,-2.15,2.67E+00,7.13E-03,Soluble,-1.91,4.61E+00,1.23E-02,Soluble,0,1,Yes,n/d,n/d,n/d,n/d,n/d,-8.55,0,0,0,0,0,0.56,1,1,1,5.33
TQ_D25,C=C1[C@@H]2[C@H](O)[C@@H](OC)C3=C(C(=O)C(O)=C(C[C@H](C)O)C3=O)[C@@]2(C)CC[C@@H]1C,376.19,385.6618388,0.975440041,6,3,104.06,3,3,14,6,0,19,0.157894737,6,1,0.514,5.061,0.619,57.882,2.65,"[(11, 10, 9, 8, 19, 20, 14, 12), (8, 9, 10, 11, 12)]",0,['-'],0,0,0,0,-3.128883927,1.717338915,1.292783329,211.8710587,308.3431248,6.952633873,4.25426746,-5.306215556,-4.989615555,0.941846132,0.146189108,0.001028314,0.298577249,0.038663685,0.341001093,0.612148404,0.980137527,0.99486047,0.000298995,0.9522838,1.76E-05,0.352166474,71.54420491,0.063400356,30.96692389,2.84E-05,0.012993,0.002306457,0.017576396,2.85E-05,0.006177944,7.91E-07,1.23E-05,0.000204899,0.003042514,0.441709369,1.51E-10,0.003894059,0.829128683,3.491491963,1.831372437,0.804511334,3.524253692,5.185239222,4.44469842,0.004052611,0.012561554,0.857362688,0.95447427,0.336301237,0.344787568,0.999661803,0.939258754,0.009284513,0.796300232,0.398921609,0.644483507,0.056187142,0.537368417,0.87739253,0.983131409,0.972291708,0.296208709,0.428690732,0.447119474,0.046030026,0.013416018,0.003444928,0.400672436,0.599524915,0.050415952,0.009930228,0.809904456,0.089274377,0.180074066,0.141853288,0.900802493,7,1,0,0,"[(8,), (10,), (14, 12, 10, 13), (8,), (8, 5, 19, 9, 10, 11), (8, 5, 9, 10, 12, 11)]","[(8, 9, 10, 11, 12), (8, 9, 10, 11, 12, 14, 19, 20), (4, 3, 2), (8,)]","[(8, 9, 10), (11, 10, 9, 8, 19, 20, 14, 12)]","[(8,), (8, 9, 10, 11, 12)]",0.563,0.274,0.26,0.007,0.283,0.45,0.081,TQ_D25,CO[C@H]1C2=C(C(=O)C(=C(C2=O)C[C@@H](O)C)O)[C@@]2([C@@H]([C@@H]1O)C(=C)[C@H](CC2)C)C,C21H28O6,376.44,27,0,0.62,3,6,3,100.42,104.06,n/d,1.33,2.02,0.4,2.54,1.57,-2.81,5.78E-01,1.54E-03,Soluble,-3.12,2.88E-01,7.65E-04,Soluble,-2.9,4.78E-01,1.27E-03,Soluble,0,1,Yes,n/d,n/d,n/d,n/d,n/d,-7.65,0,0,0,0,0,0.56,1,2,1,5.46
TQ_D26,CC(=O)OCCCC1=C(O)C(=O)C2=C(C[C@@H](O)[C@@H]3C(C)=C(C)CC[C@]23C)C1=O,388.19,400.3213651,0.969695934,6,2,100.9,5,3,14,6,0,19,0.263157895,3,1,0.332,4.404,0.591,53.886,2.278,"[(11, 10, 8, 7, 26, 27, 13, 12), (7, 8, 10, 11, 12)]",0,['-'],0,0,0,0,-3.977613584,2.059982148,2.19443482,219.1988611,328.1388208,7.469618385,3.958156088,-5.205749109,-4.872005473,0.903858721,0.774111331,0.006853757,0.203057647,0.352801025,0.862107351,0.662745506,0.988406301,0.994512677,0.000753759,0.990478754,0.003299446,0.987550795,95.58973946,-0.374697173,4.640512798,0.00528906,0.003857673,0.006611364,0.001692192,0.00975528,0.0290065,0.000442209,1.20E-05,0.003296908,0.034111608,6.09E-05,9.05E-07,0.472231656,0.35386008,8.03689688,0.9872188,0.666348333,3.444868115,5.272908346,4.630013069,0.017829973,0.073265411,0.542811453,0.321463585,0.084682941,0.256259203,0.761677325,0.830913186,0.000360103,0.515050292,0.01564879,0.611676991,0.121011913,0.555283964,0.725768745,0.789399028,0.790217996,0.138619199,0.005847246,0.083552778,0.012385674,0.026894385,0.001967079,0.493751794,0.510622025,0.047346804,0.000347219,0.433108747,0.009384913,0.057934999,0.067929745,0.834003508,4,1,0,0,"[(7,), (10,), (7, 8, 10, 9), (7,), (7, 6, 26, 8, 10, 11), (7, 6, 8, 10, 12, 11)]","[(7, 8, 10, 11, 12), (7, 8, 10, 11, 12, 13, 26, 27), (16, 15, 14), (7,)]","[(7, 8, 10), (11, 10, 8, 7, 26, 27, 13, 12)]","[(7,), (7, 8, 10, 11, 12)]",0.377,0.059,0.541,0.042,0.205,0.788,0.206,TQ_D26,CC(=O)OCCCC1=C(O)C(=O)C2=C(C1=O)C[C@@H](O)[C@H]1[C@]2(C)CCC(=C1C)C,C22H28O6,388.45,28,0,0.59,5,6,2,104.26,100.9,n/d,1.75,3.11,1.35,3.66,2.47,-3.02,3.70E-01,9.53E-04,Soluble,-3.49,1.27E-01,3.27E-04,Soluble,-4.22,2.36E-02,6.08E-05,Moderately soluble,0,1,Yes,n/d,n/d,n/d,n/d,n/d,-7.43,0,0,0,0,0,0.56,1,2,1,4.91
TQ_D27,CCO[C@H](C)CC1=C(O)C(=O)C2=C(C1=O)[C@H](O)[C@H](O)[C@H]1C(C)=C(C)CC[C@]21C,390.2,402.957824,0.968339555,6,3,104.06,4,3,14,6,0,18,0.222222222,5,1,0.503,4.859,0.636,56,2.298,"[(10, 9, 7, 6, 13, 14, 12, 11), (6, 7, 9, 10, 11)]",0,['-'],0,0,0,0,-3.729647599,2.083905149,1.721414536,209.9143308,308.9271352,6.819798112,4.383815144,-5.002213368,-4.668463198,0.979657352,0.455166578,0.128187433,0.481151283,0.381909668,0.968050051,0.98828824,0.989593029,0.998693407,0.034103412,0.906360745,0.013410086,0.972738266,77.62320352,0.054323597,26.05830292,0.130498409,0.22869429,0.006063174,0.001190413,0.003341701,0.217647761,0.001242104,6.32E-05,0.002632838,0.320169359,0.852761507,1.02E-07,0.380248427,0.714686871,4.440631503,1.928776045,1.217749402,3.904606594,5.508926173,4.868866067,0.007185098,0.051805045,0.759542465,0.806795895,0.4026815,0.189127699,0.992484152,0.91400975,0.002807708,0.678654075,0.166180149,0.69531554,0.077868156,0.610233068,0.838406563,0.938649356,0.9423365,0.188035727,0.187484592,0.242071077,0.163889647,0.017728858,0.001540168,0.509519279,0.606062174,0.081467055,0.001871267,0.776788771,0.033967327,0.228371337,0.233587801,0.949596703,7,1,0,0,"[(6,), (9,), (6, 7, 9, 8), (6,), (6, 5, 13, 7, 9, 10), (6, 5, 7, 9, 11, 10)]","[(6, 7, 9, 10, 11), (6, 7, 9, 10, 11, 12, 13, 14), (1,), (16, 15, 17), (6,)]","[(6, 7, 9), (10, 9, 7, 6, 13, 14, 12, 11)]","[(6,), (6, 7, 9, 10, 11)]",0.573,0.031,0.143,0.05,0.274,0.475,0.159,TQ_D27,CCO[C@@H](CC1=C(O)C(=O)C2=C(C1=O)[C@H](O)[C@@H]([C@@H]1[C@]2(C)CCC(=C1C)C)O)C,C22H30O6,390.47,28,0,0.64,4,6,3,105.22,104.06,n/d,1.05,2.55,0.62,3.06,1.82,-2.66,8.57E-01,2.20E-03,Soluble,-2.83,5.83E-01,1.49E-03,Soluble,-3.49,1.26E-01,3.23E-04,Soluble,0,1,Yes,n/d,n/d,n/d,n/d,n/d,-7.94,0,0,0,0,0,0.56,1,2,1,5.49
TQ_D28,CC1=CCC[C@H]2[C@](C)(CC3=C(O)C(=O)C4=C(C3=O)C3C=CC4C3)[C@@H](C)CC[C@]12C,392.24,426.0217072,0.920704258,3,1,54.37,2,5,10,3,0,26,0.076923077,6,1,0.488,5.632,0.615,80.762,2.605,"[(13, 12, 10, 9, 16, 17, 15, 14), (9, 10, 12, 13, 14)]",0,['-'],0,1,1,0,-5.26805345,3.670818554,4.065421163,196.0078181,336.1316069,8.072139806,4.342648865,-4.69743614,-4.609782585,0.417086869,0.767007947,0.007686833,0.020288646,0.098257542,0.851347074,0.975352077,0.994511724,0.995385468,0.006502212,0.998672485,0.845929205,0.788725197,97.80455407,0.172019081,2.085653376,0.469907075,0.583435416,0.992294669,0.780715883,0.373237282,0.014269681,0.121224932,0.00163558,0.476327419,0.000124749,0.516423464,0.108023576,0.525055528,0.99982965,3.271531584,0.998116481,2.09685436,5.240501142,6.75377114,6.422383017,0.01368187,0.131559372,0.606297135,0.248526081,0.248343259,0.587208509,0.445870429,0.945039511,0.007422626,0.536079109,0.576114357,0.719338,0.323991865,0.31691438,0.47541368,0.461796343,0.251032054,0.047560573,0.082216792,0.384242147,0.198418677,0.045938425,0.026563061,0.890633523,0.665173471,0.810366392,0.009659163,0.997938216,0.030457526,0.799620867,0.981737018,0.997805059,4,1,0,0,"[(9,), (12,), (9, 10, 12, 11), (9,), (9, 8, 16, 10, 12, 13), (9, 8, 10, 12, 14, 13)]","[(9, 10, 12, 13, 14), (9, 10, 12, 13, 14, 15, 16, 17), (9,)]","[(9, 10, 12), (13, 12, 10, 9, 16, 17, 15, 14)]","[(9,), (9, 10, 12, 13, 14)]",0.517,0.143,0.397,0.065,0.422,0.818,0.067,TQ_D28,O=C1C(=C(C[C@]2(C)[C@@H](C)CC[C@]3([C@H]2CCC=C3C)C)C(=O)C2=C1C1C=CC2C1)O,C26H32O3,392.53,29,0,0.62,2,3,1,116.08,54.37,n/d,5.67,5.64,3.87,5.02,5.05,-5.71,7.59E-04,1.93E-06,Moderately soluble,-6.58,1.04E-04,2.65E-07,Poorly soluble,-5.07,3.36E-03,8.57E-06,Moderately soluble,0,0,No,n/d,n/d,n/d,n/d,n/d,-4.67,0,1,0,0,1,0.85,1,2,2,5.73
TQ_D29,C=CCC1=C(O)C(=O)C2=C(C1=O)[C@H](O)[C@@H](O)[C@H]1C(=O)[C@@](C)(CCC(C)=O)CC[C@H]21,402.17,406.4751331,0.989408619,7,3,128.97,5,3,14,7,0,21,0.238095238,5,1,0.47,4.926,0.545,57.882,2.025,"[(7, 6, 4, 3, 10, 11, 9, 8), (3, 4, 6, 7, 8)]",0,['-'],0,0,1,0,-2.660099706,1.929749653,1.371686837,158.3752621,284.494011,6.4874838,6.042687189,-5.324441529,-4.815278729,0.845421076,0.916044116,0.000125042,0.711271614,0.202210963,0.999043738,0.996827937,0.999984145,0.999987364,0.524586558,0.721286058,5.04E-05,0.036905278,86.30750513,0.206435326,16.79192541,0.000207402,6.75E-05,0.000202108,0.000647979,0.024521673,0.125390977,0.0019185,2.13E-05,0.00170998,3.08E-07,0.104863815,1.85E-10,0.999386072,0.953954101,5.403798456,1.645551431,0.536431633,3.191758835,4.59330327,4.074200219,0.006111678,0.034375969,0.671009481,0.364432067,0.245200917,0.318371117,0.984537482,0.809221506,0.000503057,0.541401923,0.352144063,0.706566393,0.02123066,0.784894347,0.790501058,0.864015639,0.921650827,0.135968313,0.038794752,0.111251988,0.064486414,0.012340233,0.021244325,0.255784512,0.475389987,0.124427654,0.022293029,0.784282267,0.011409177,0.462085515,0.486781478,0.955279112,4,1,0,0,"[(3,), (6,), (16, 17, 18, 19), (3, 4, 6, 5), (3,), (3, 2, 10, 4, 6, 7), (3, 2, 4, 6, 8, 7)]","[(3, 4, 6, 7, 8), (3, 4, 6, 7, 8, 9, 10, 11), (13, 12, 14), (16, 17, 18, 19), (3,)]","[(22, 23, 25, 24), (3, 4, 6), (7, 6, 4, 3, 10, 11, 9, 8), (1, 0)]","[(3,), (3, 4, 6, 7, 8)]",0.499,0.03,0.173,0.043,0.288,0.658,0.298,TQ_D29,C=CCC1=C(O)C(=O)C2=C(C1=O)[C@H](O)[C@H]([C@@H]1[C@@H]2CC[C@](C1=O)(C)CCC(=O)C)O,C22H26O7,402.44,29,0,0.55,5,7,3,104.54,128.97,n/d,0.14,1.53,-0.34,2.83,1.04,-2.09,3.25E+00,8.07E-03,Soluble,-2.4,1.58E+00,3.94E-03,Soluble,-3.02,3.86E-01,9.59E-04,Soluble,0,1,Yes,n/d,n/d,n/d,n/d,n/d,-8.66,0,0,0,0,0,0.56,1,2,1,5.4
TQ_D30,CO[C@@H]1OC2=C(C[C@H]1O)C(=O)C1=C(C2=O)[C@@]2(C)CCC(C)=C(C)[C@@H]2[C@H](O)[C@H]1OC,404.18,403.191592,1.00245146,7,2,102.29,2,4,18,7,0,23,0.086956522,6,1,0.532,5.189,0.636,70,2.588,"[(10, 9, 5, 4, 13, 14, 12, 11), (4, 5, 9, 10, 11)]",0,['-'],0,0,1,0,-3.131524713,1.582597975,1.116822954,217.1449117,301.257874,6.845914773,4.291441709,-5.260009057,-4.922284944,0.894195497,0.938624501,0.013227974,0.842886925,0.299457014,0.75221622,0.388834,0.991227746,0.981892288,6.44E-05,0.966812193,0.000345188,0.695409298,88.65662885,0.359604492,15.91082573,3.61E-06,0.701324761,0.000553912,0.146282837,0.002979338,0.000148418,8.07E-07,3.61E-06,0.00015823,0.965313137,0.000197989,2.09E-12,0.108587936,0.011515046,6.247619837,2.013076906,1.068685751,3.667468137,5.340454493,4.606205278,0.001798138,0.014644321,0.992731512,0.972877502,0.251175284,0.387092263,0.999960423,0.988926649,1.89E-06,0.066012934,0.004302753,0.968640268,0.061978366,0.742863238,0.99650526,0.998709679,0.999967813,0.710119903,0.126337886,0.680123687,0.329488546,0.607878268,0.099302649,0.958102822,0.762092829,0.42838046,0.005627588,0.780759692,0.710358024,0.340192616,0.601031303,0.981855392,7,1,0,0,"[(4,), (9,), (5, 4, 13, 3), (2,), (4,), (5, 6, 9, 4, 13, 14), (4, 13, 5, 9, 11, 10)]","[(4, 5, 9, 10, 11), (4, 5, 9, 10, 11, 12, 13, 14), (8, 7, 6), (4,)]","[(4, 5, 9), (10, 9, 5, 4, 13, 14, 12, 11)]","[(4,), (4, 5, 9, 10, 11)]",0.494,0.283,0.33,0.007,0.244,0.142,0.153,TQ_D30,CO[C@H]1C2=C(C(=O)C3=C(C2=O)C[C@@H](O)[C@@H](O3)OC)[C@@]2([C@@H]([C@@H]1O)C(=C(CC2)C)C)C,C22H28O7,404.45,29,0,0.64,2,7,2,103.71,102.29,n/d,0.43,1.58,0.22,2.12,1.09,-2.49,1.32E+00,3.26E-03,Soluble,-2.15,2.89E+00,7.15E-03,Soluble,-3.05,3.64E-01,8.99E-04,Soluble,0,1,Yes,n/d,n/d,n/d,n/d,n/d,-8.46,0,0,0,0,0,0.56,1,2,1,5.89
TQ_D31,CC(C)=C[C@@H]1C/C(C)=C\CC/C(C)=C\CC/C(C)=C\CC2=C(O)C(=O)C1=C(O)C2=O,410.25,455.2083931,0.90123558,4,2,74.6,1,3,0,4,0,23,0.043478261,1,1,0.38,5.189,0.462,40.263,1.72,"[(24, 23, 21, 20, 28, 29, 26, 25), (20, 21, 23, 24, 25)]",0,['-'],0,1,1,0,-4.583113742,4.318930974,5.056996222,137.9461665,337.0867544,6.753041824,3.686262308,-4.974128718,-4.740960135,0.927161932,0.773057222,0.728949189,0.985760028,0.870787635,0.99947786,0.999940855,0.998658538,0.997430623,0.127388492,0.747319818,0.000251205,0.988993108,98.03131891,0.019914044,1.745361436,0.214871868,2.97E-05,0.998414397,0.028306402,0.999894857,0.000157665,0.000105379,9.67E-07,0.586742043,0.014954993,1,8.57E-13,0.999935031,0.935289204,3.375564038,1.355373898,2.146862198,5.041748033,6.484529975,6.216739446,0.001600836,0.007205472,0.977637887,0.062851168,0.250562191,0.846338689,0.999995351,0.242755204,0.797409713,0.964477539,0.082212448,0.937867641,0.031591352,0.375381798,0.66343379,0.86262536,0.074127853,0.10703402,0.06974867,0.165604472,0.001994513,1.37E-06,6.06E-07,0.000470598,0.005840462,2.05E-05,5.16E-05,0.808527231,5.80E-06,0.013570655,0.200104579,0.123928674,4,1,0,0,"[(20,), (23,), (20, 21, 23, 22), (20,), (20, 19, 28, 21, 23, 24), (20, 19, 21, 23, 25, 24)]","[(20, 21, 23, 24, 25), (20, 21, 23, 24, 25, 26, 28, 29), (20,)]","[(20, 21, 23), (24, 23, 21, 20, 28, 29, 26, 25)]","[(20,), (20, 21, 23, 24, 25)]",0.995,0.075,0.615,0.2,0.67,0.904,0.26,TQ_D31,C/C/1=C/CC2=C(O)C(=O)C(=C(C2=O)O)[C@H](C=C(C)C)C/C(=C\CC/C(=C\CC1)/C)/C,C26H34O4,410.55,30,0,0.46,1,4,2,123.57,74.6,n/d,5.1,6.54,2.86,4.67,4.79,-5.53,1.20E-03,2.94E-06,Moderately soluble,-6.41,1.60E-04,3.89E-07,Poorly soluble,-4.7,8.25E-03,2.01E-05,Moderately soluble,0,1,No,n/d,n/d,n/d,n/d,n/d,-5.18,0,1,0,1,1,0.85,1,2,2,6.18
TQ_D32,CC(=O)O[C@@H]1CC[C@]2(C)C3=C(C(=O)C(O)=C2C1(C)C)C(=O)C([C@H](C)CO)=C(O)C3=O,418.16,415.26536,1.006970579,8,3,138.2,4,3,14,8,0,20,0.2,3,1,0.359,4.533,0.545,61.941,2.444,"[(20, 19, 10, 9, 28, 29, 26, 21), (9, 10, 11, 12, 13)]",0,['-'],0,0,1,0,-3.217683943,1.324968134,0.879275797,240.5093163,338.4790527,5.835576662,3.063826799,-4.948668082,-4.8847205,0.995719731,0.98291105,0.223727793,0.885406993,0.862987459,0.995678153,0.991222144,0.992106199,0.994613588,0.004217192,0.864498615,1.45E-06,0.988973081,81.23223355,-0.116448798,17.94829659,0.552686691,0.000687761,0.328146547,0.002900244,0.610727847,0.004756423,0.000128711,4.93E-07,0.003478594,0.002130521,0.976373434,2.00E-08,0.999530673,0.00446308,1.430861142,1.568567592,0.690308589,3.512091468,5.395751108,4.657661966,0.002117779,0.006622673,0.92808044,0.868646622,0.373148948,0.162423685,0.995571733,0.857423484,0.000329501,0.2663019,0.037533347,0.846347272,0.08683943,0.607335329,0.932653129,0.955950797,0.99690634,0.170210272,0.036072202,0.141544908,0.000895175,0.530246198,0.018243095,0.34009859,0.477190316,0.072028399,0.000855373,0.486432999,0.004637913,0.007935276,0.11856816,0.219943941,4,1,0,0,"[(9,), (11,), (15, 13, 11, 14), (9,), (9, 7, 28, 10, 11, 12), (9, 7, 10, 11, 13, 12)]","[(9, 10, 11, 12, 13), (9, 10, 19, 20, 21, 26, 28, 29), (25, 24, 22), (9,)]","[(9, 10, 11), (20, 19, 10, 9, 28, 29, 26, 21)]","[(9,), (9, 10, 11, 12, 13)]",0.358,0.036,0.217,0.176,0.409,0.959,0.344,TQ_D32,OC[C@H](C1=C(O)C(=O)C2=C(C1=O)C(=O)C(=C1[C@]2(C)CC[C@H](C1(C)C)OC(=O)C)O)C,C22H26O8,418.44,30,0,0.55,4,8,3,105.77,138.2,n/d,1.65,2.03,-0.32,2.71,1.52,-3.21,2.58E-01,6.17E-04,Soluble,-4.17,2.86E-02,6.83E-05,Moderately soluble,-3.35,1.87E-01,4.48E-04,Soluble,0,1,Yes,n/d,n/d,n/d,n/d,n/d,-7.68,0,0,0,1,0,0.56,1,2,1,4.98
TQ_D33,CC(=O)OC[C@H](C)C1=C(O)C(=O)C2=C(C1=O)[C@H](OC(C)=O)[C@@H](O)[C@H]1C(C)(C)CCC[C@]21C,448.21,452.4937894,0.990532932,8,2,127.2,6,3,14,8,0,20,0.3,5,1,0.496,4.713,0.667,64.8,2.745,"[(11, 10, 8, 7, 14, 15, 13, 12), (7, 8, 10, 11, 12)]",0,['-'],0,0,1,0,-3.959424435,2.282826715,2.188140615,211.0218674,317.5898697,7.640386919,4.600857876,-5.31532261,-4.946380176,0.778828204,0.885453939,0.154666737,0.22770983,0.506813735,0.98740827,0.986866936,0.986240566,0.99242276,0.017862469,0.975829244,0.000623067,0.979758024,82.53201516,-0.124982926,12.63831749,6.86E-06,0.028914455,0.002121669,0.16163151,0.133571178,0.038342591,0.008243506,1.58E-07,0.212052748,0.99033457,0.973463774,4.24E-08,0.99981159,0.778108418,1.748396353,1.346196097,0.968043416,3.845791457,5.735542538,5.116018535,0.00393975,0.022452813,0.789531946,0.865095258,0.100998312,0.202818364,0.978417158,0.864813268,0.001542217,0.217843667,0.025491122,0.607587218,0.03032642,0.675261915,0.847172558,0.979700685,0.896362841,0.107911728,0.031084627,0.135452747,1.37E-06,0.003776413,8.79E-06,0.003711218,0.03333316,0.00112968,1.98E-06,0.00801691,0.00077943,2.37E-05,0.02100441,0.036002614,4,1,0,0,"[(7,), (10,), (7, 8, 10, 9), (7,), (7, 5, 14, 8, 10, 11), (7, 5, 8, 10, 12, 11), (13, 16, 17, 18), (19, 18, 20, 17, 16, 13)]","[(7, 8, 10, 11, 12), (7, 8, 10, 11, 12, 13, 14, 15), (22, 21, 16), (7,)]","[(7, 8, 10), (11, 10, 8, 7, 14, 15, 13, 12)]","[(7,), (7, 8, 10, 11, 12)]",0.436,0.037,0.172,0.126,0.162,0.803,0.141,TQ_D33,CC(=O)O[C@H]1C2=C(C(=O)C(=C(C2=O)[C@H](COC(=O)C)C)O)[C@@]2([C@@H]([C@@H]1O)C(C)(C)CCC2)C,C24H32O8,448.51,32,0,0.67,6,8,2,115.38,127.2,n/d,2.72,2.58,1,3.15,2.36,-3.94,5.17E-02,1.15E-04,Soluble,-5.04,4.04E-03,9.02E-06,Moderately soluble,-3.65,1.00E-01,2.23E-04,Soluble,0,1,Yes,n/d,n/d,n/d,n/d,n/d,-7.1,0,0,0,0,0,0.56,1,2,1,5.66
TQ_D34,CC(C)=CCC/C(=C/CC[C@@]1(C)C2=C(C(=O)C(C)=C(O)C2=O)[C@@H](O)[C@H]2[C@H]1CC[C@]2(C)O)C(=O)O,472.25,492.9550592,0.95799808,7,4,132.13,7,3,13,7,0,20,0.35,5,1,0.25,4.922,0.593,62.791,2.566,"[(15, 14, 13, 12, 20, 21, 18, 16), (12, 13, 14, 15, 16)]",0,['-'],0,0,1,0,-3.764000321,3.334376915,4.342642677,167.5443315,335.9759044,5.10778141,3.0302585,-5.220684916,-5.038221027,0.999244332,0.024261262,0.086711451,0.869941145,0.322477758,0.918802559,0.997286068,0.99611181,0.993888736,0.003446947,0.971078336,2.74E-05,0.998717546,89.30754207,-0.597209056,9.430634981,3.25E-08,0.00031705,0.001380017,0.14987348,0.000208316,0.011620391,2.94E-07,8.53E-08,0.000140428,0.549552321,0.000355597,7.56E-12,0.210846096,0.01385231,3.306565992,1.748409889,0.850316674,4.060198238,5.729972889,4.737903488,0.009268766,0.013118963,0.286084473,0.174983963,0.220487997,0.153591067,0.991912603,0.449250966,0.005065592,0.7789675,0.428736657,0.753052771,0.021607459,0.773344159,0.458405793,0.910743713,0.494308919,0.044319894,0.00939421,0.019355234,0.006690724,0.011070177,0.000433703,0.045685358,0.109510973,0.013009379,7.28E-05,0.468505293,0.001029269,0.008712455,0.08510489,0.432517886,4,1,0,0,"[(12,), (14,), (16, 18, 20, 19), (12,), (12, 10, 20, 13, 14, 15), (12, 10, 13, 14, 16, 15)]","[(7, 6, 31, 32, 33), (12, 13, 14, 15, 16), (12, 13, 14, 15, 16, 18, 20, 21), (23, 22, 24), (7,)]","[(7, 6, 31), (15, 14, 13, 12, 20, 21, 18, 16)]","[(12,), (12, 13, 14, 15, 16)]",0.322,0.116,0.047,0.019,0.324,0.933,0.293,TQ_D34,CC(=CCC/C(=C/CC[C@@]1(C)C2=C(C(=O)C(=C(C2=O)O)C)[C@H]([C@H]2[C@H]1CC[C@]2(C)O)O)/C(=O)O)C,C27H36O7,472.57,34,0,0.59,7,7,4,129.51,132.13,n/d,3.42,3.96,1.51,4.2,3.27,-4.46,1.63E-02,3.45E-05,Moderately soluble,-5.87,6.30E-04,1.33E-06,Moderately soluble,-3.73,8.88E-02,1.88E-04,Soluble,1,1,Yes,n/d,n/d,n/d,n/d,n/d,-6.75,0,0,0,1,0,0.56,1,3,1,5.93
TQ_D35,COC(=O)CC(C1=C(O)C(=O)C(C(CC(=O)OC)c2ccc(O)cc2)=C(O)C1=O)c1ccc(O)cc1,496.14,488.8474601,1.014917823,10,4,167.66,10,3,6,10,0,22,0.454545455,2,0,0.315,3.644,0.231,69,0.5,"[(10, 9, 7, 6, 27, 28, 25, 11), (6, 7, 9, 10, 11), (22, 21, 20, 19, 18, 24, 23)]",0,['-'],0,0,1,0,-3.653177533,1.989304299,1.59278481,258.2890125,358.8745089,7.324083505,4.62372252,-4.86336932,-4.782018289,0.999921799,0.000597904,8.84E-07,0.004746795,0.027156115,0.075450778,0.403458893,0.2440864,0.998466015,4.32E-08,0.988916636,6.85E-10,0.976071775,97.41563122,-0.775044665,2.541103301,1.15E-12,0.977244139,5.53E-06,0.969335616,0.998303652,0.999978304,2.11E-10,7.65E-05,0.031318165,0.05814264,2.88E-07,5.42E-11,2.66E-06,0.001991073,1.586247548,1.565426455,0.943161527,3.626523721,4.817979119,4.207607646,0.011072708,0.057890464,0.313100487,0.093133248,0.639611244,0.366320401,0.070888184,0.13099809,3.96E-06,0.075824402,0.126966402,0.604049861,0.331491411,0.773450255,0.239514217,0.8549757,0.993441701,0.008350502,0.0013734,0.027881861,4.36E-05,1.42E-05,4.56E-05,0.016593037,0.000783602,0.000264892,0.000668716,0.006682544,0.000152384,0.000333496,0.200784311,0.035042968,4,1,0,0,"[(6,), (9,), (6, 7, 9, 8), (6,), (6, 5, 27, 7, 9, 10), (6, 5, 7, 9, 11, 10)]","[(6, 7, 9, 10, 11), (6, 7, 9, 10, 11, 25, 27, 28), (6,)]","[(6, 7, 9), (22, 21, 20, 19, 18, 24, 23), (10, 9, 7, 6, 27, 28, 25, 11)]","[(6,), (6, 7, 9, 10, 11)]",0.134,0.064,0.388,0.434,0.433,0.882,0.051,TQ_D35,COC(=O)CC(C1=C(O)C(=O)C(=C(C1=O)O)C(c1ccc(cc1)O)CC(=O)OC)c1ccc(cc1)O,C26H24O10,496.46,36,12,0.23,10,10,4,125.48,167.66,n/d,2.12,2.87,-0.05,3.15,2.02,-3.84,7.17E-02,1.44E-04,Soluble,-5.27,2.65E-03,5.35E-06,Moderately soluble,-4.88,6.47E-03,1.30E-05,Moderately soluble,1,1,Yes,n/d,n/d,n/d,n/d,n/d,-7.82,0,1,1,1,1,0.11,1,2,2,4.56
TQ_D36,C/C=C(\C)C(OC(C)=O)C(C)C1=CC(=O)C2=C(OC3(C)CCC4OC(C(C)(C)O)CCC4(C)C3C2O)C1=O,530.29,547.7132418,0.968189117,8,2,119.36,6,4,18,8,0,25,0.24,8,1,0.314,5.425,0.7,81.333,2.386,"[(14, 13, 12, 11, 36, 37, 16, 15), (11, 12, 13, 14, 15)]",0,['-'],0,0,1,1,-4.128906277,2.661136222,2.210268484,198.9645611,294.4890092,6.741416956,5.305072364,-5.080251741,-4.757382736,0.581622422,0.831818759,0.000603907,0.15167737,0.003208697,0.135080755,0.387929082,0.323811114,0.965691626,7.41E-05,0.99676609,0.003256877,0.992416859,75.63517074,-0.236297234,16.58954055,6.33E-07,0.618794382,0.012078722,0.999259174,5.53E-05,0.053079471,0.000128677,3.22E-05,0.913165629,0.613614738,0.000845808,3.82E-07,0.945062459,0.946969271,6.045525011,1.582350257,1.07432783,3.989529165,6.026944811,5.223431556,0.049102638,0.280665457,0.647002637,0.482210368,0.584656179,0.869586945,0.811621964,0.657927692,3.73E-07,0.003894349,0.120323449,0.898194075,0.367392927,0.757888019,0.581600308,0.644769728,0.996777356,0.292493641,0.045078371,0.554052591,7.85E-07,0.0002445,5.48E-06,4.24E-06,0.10032206,0.002235448,8.83E-09,0.190363988,1.65E-05,6.03E-05,0.004345754,0.00245942,7,4,0,0,"[(11,), (13,), (15, 16, 36, 17), (13,), (11,), (11, 9, 36, 12, 13, 14), (11, 9, 12, 13, 15, 14), (2, 4, 5, 6), (7, 6, 8, 5, 4, 2)]","[(11, 12, 13, 14, 15), (11, 12, 13, 14, 15, 16, 36, 37), (22,), (28, 25, 24), (11,)]","[(11, 12, 13), (14, 13, 12, 11, 36, 37, 16, 15)]","[(11,), (11, 12, 13, 14, 15)]",0.035,0.002,0.155,0.395,0.103,0.022,0.005,TQ_D36,C/C=C(/C(C(C1=CC(=O)C2=C(C1=O)OC1(C(C2O)C2(C)CCC(OC2CC1)C(O)(C)C)C)C)OC(=O)C)\C,C30H42O8,530.65,38,0,0.7,6,8,2,142.44,119.36,n/d,3.22,3.74,1.39,4.34,3.17,-4.76,9.17E-03,1.73E-05,Moderately soluble,-5.4,2.12E-03,3.99E-06,Moderately soluble,-4.01,5.19E-02,9.77E-05,Moderately soluble,0,1,Yes,n/d,n/d,n/d,n/d,n/d,-7.25,1,3,0,0,0,0.56,1,2,1,6.87
TQ_D37,CCCC[C@H]1CCCCC[C@@H](C)c2cc(O)c(c(O)c2)[C@@H](CCCC)CCCCC[C@@H](C)C2=CC(=O)C1=C(O)C2=O,566.4,631.0384723,0.897568096,5,3,94.83,6,6,0,5,0,30,0.2,4,1,0.298,5.818,0.667,76.267,0.999,"[(35, 34, 33, 32, 39, 40, 37, 36), (32, 33, 34, 35, 36)]",0,['-'],1,0,1,1,-5.77150307,5.134774603,8.003147268,209.0248909,447.0867885,9.859420099,3.02768068,-4.982320644,-4.694061152,0.014216504,0.844959915,0.035490785,1.07E-05,0.308338821,0.995867304,0.9997997,0.999938011,0.999994516,0.773203909,0.999095917,0.000205311,0.957521439,96.96330224,0.131299519,3.250411535,0.000994315,0.96444726,0.012967908,0.999999881,0.999989152,0.167516708,1.79E-09,1.79E-14,0.999923587,0.37256217,1,3.83E-14,1,0.683549941,0.401326199,1.333893566,2.403136782,5.292494926,6.029042926,5.869111814,0.15220052,0.364272624,0.555819809,0.03936132,0.170812756,0.963538349,0.970216691,0.061477631,0.073255911,0.935786366,0.97608304,0.804623842,0.010573761,0.757599413,0.357967079,0.834392369,4.04E-06,0.324174196,0.981237948,0.808077335,3.63E-06,0.020995621,2.87E-06,0.995386183,0.0032692,1.41E-05,0.482682139,0.996989965,0.00014699,0.071290188,0.999932885,0.965809524,5,7,0,0,"[(32,), (34,), (36, 37, 39, 38), (34,), (32,), (15, 14, 16, 17, 18, 19, 12, 13), (14,), (32, 30, 39, 33, 34, 35), (32, 30, 33, 34, 36, 35), (13, 14, 15, 16, 17, 18, 19, 12)]","[(32, 33, 34, 35, 36), (32, 33, 34, 35, 36, 37, 39, 40), (32,)]","[(32, 33, 34), (15, 14, 13, 12, 19, 17, 16), (35, 34, 33, 32, 39, 40, 37, 36)]","[(13,), (13,), (32,), (13, 0), (32, 33, 34, 35, 36)]",0.826,0.668,0.17,0.371,0.412,0.951,0.142,TQ_D37,CCCC[C@H]1CCCCC[C@@H](C)c2cc(O)c(c(c2)O)[C@H](CCCCC[C@H](C2=CC(=O)C1=C(O)C2=O)C)CCCC,C36H54O5,566.81,41,6,0.67,6,5,3,171.81,94.83,n/d,11.69,9.72,4.54,7.43,8.34,-10.43,2.10E-08,3.70E-11,Insoluble,-13.67,1.20E-11,2.12E-14,Insoluble,-8.53,1.66E-06,2.92E-09,Poorly soluble,1,1,Yes,n/d,n/d,n/d,n/d,n/d,-1.46,2,4,0,1,1,0.56,1,1,2,7.62
TQ_D38,CCCCCCCCCCCC1=C(O)C(=O)C2=C(OC3=C(C(=O)C(O)=C(CCCCCCCCCCC)C3=O)C2C)C1=O,596.37,645.9824672,0.923198431,7,2,117.97,20,3,14,7,0,20,1,0,1,0.106,3.27,0.667,22.733,0.714,"[(15, 14, 12, 11, 41, 42, 17, 16), (11, 12, 14, 15, 16)]",10,['-'],1,0,1,1,-4.412278421,5.544009188,9.132770154,116.2712656,430.6809747,7.877554367,4.582490722,-5.047174642,-4.854623015,0.023061998,0.053589813,0.002598922,0.999973198,0.996249503,0.999993972,0.999497264,0.838495493,1,0.679803073,0.875016868,4.09E-07,0.98731029,100.3639555,1.333634911,0.282769807,1,0.000400594,0.999993801,0.000111267,0.963387609,0.999999762,0.931600094,0.994759738,0.000256529,2.67E-06,1,0.966012359,0.999993443,0.022216799,2.544569109,2.177782494,-0.131342568,5.111282121,7.13249525,3.641316643,0.129904374,0.278033793,0.947320282,0.06895382,0.119305849,0.323289305,0.985483944,0.428860396,0.00046218,0.45257929,0.684659064,0.879268289,0.003477641,0.652755618,0.79221487,0.843004227,0.000112023,0.205522582,0.639086962,0.411902726,0.419300079,0.001976071,0.000151169,0.98088181,0.268014371,0.103300735,0.083934076,0.999565065,0.001600644,0.797790766,0.997179985,0.999894977,7,1,0,0,"[(11,), (14,), (11, 12, 14, 13), (11,), (11, 10, 41, 12, 14, 15), (11, 10, 12, 14, 16, 15)]","[(11, 12, 14, 15, 16), (11, 12, 14, 15, 16, 17, 41, 42), (11,)]","[(11, 12, 14), (15, 14, 12, 11, 41, 42, 17, 16)]","[(11,), (11, 12, 14, 15, 16)]",0.927,0.155,0.706,0.313,0.555,0.98,0.005,TQ_D38,CCCCCCCCCCCC1=C(O)C(=O)C2=C(C1=O)OC1=C(C2C)C(=O)C(=C(C1=O)CCCCCCCCCCC)O,C36H52O7,596.79,43,0,0.67,20,7,2,171.96,117.97,n/d,11.51,8.93,2.31,9.87,8.16,-9.47,2.02E-07,3.38E-10,Poorly soluble,-13.97,6.36E-12,1.07E-14,Insoluble,-10.24,3.42E-08,5.73E-11,Insoluble,1,1,Yes,n/d,n/d,n/d,n/d,n/d,-1.77,1,4,1,1,2,0.56,1,1,3,6.51
TQ_D39,CC(C)C1=C(O)C(=O)C2=C(C1=O)[C@]1(OC3=C(C(C)C)C(=O)C(O)=C4C3=C1C(=O)[C@H]1C(C)(C)CCC[C@]41C)C(=O)[C@H]1C(C)(C)CCC[C@]21C,656.33,684.4578814,0.958904876,8,2,135.04,2,7,15,8,0,40,0.05,5,1,0.301,5.962,0.625,187,1.42,"[(7, 6, 4, 3, 10, 11, 9, 8), (3, 4, 6, 7, 8)]",0,['-'],0,0,1,1,-4.228694528,3.798198649,4.460203113,212.1555944,321.6948623,6.299429781,4.318681503,-4.918115118,-4.81585286,0.010908263,0.999949932,0.000436938,0.012953639,0.240734518,0.865061745,0.999640644,0.999992371,0.999909401,0.013476133,0.999999046,8.11E-05,0.999893546,96.92775746,0.322654924,3.273833712,3.89E-05,0.002306593,0.999953389,0.956782222,0.999999762,0.000416265,3.89E-05,1.30E-08,0.986671865,1,0.999999881,1.17E-06,0.999999285,0.965999663,1.061261782,1.637418537,2.17611257,6.026214222,9.011979989,8.735031433,0.001435943,0.013519335,0.923856139,0.285302192,0.418633401,0.186081812,0.994433463,0.960449934,5.81E-05,0.045919057,0.124864459,0.937886417,0.025183056,0.796577215,0.89306742,0.999766886,0.996738255,0.138690636,0.018805359,0.356375009,1.75E-05,0.008538633,4.89E-07,0.945095062,0.007489739,0.00010249,0.000286313,0.625020146,0.000679623,0.005063538,0.476107478,0.058307264,7,1,0,0,"[(3,), (6,), (12, 37, 38, 39), (3, 4, 6, 5), (3,), (24, 25, 26, 27, 28), (3, 1, 10, 4, 6, 7), (3, 1, 4, 6, 8, 7)]","[(3, 4, 6, 7, 8), (3, 4, 6, 7, 8, 9, 10, 11), (12, 37, 38, 39), (3,)]","[(3, 4, 6), (7, 6, 4, 3, 10, 11, 9, 8)]","[(3,), (3, 4, 6, 7, 8)]",0.915,0.016,0.424,0.557,0.297,0.935,0.014,TQ_D39,CC(C1=C2O[C@@]3(C4=C2C(=C(C1=O)O)[C@@]1(C)CCCC([C@@H]1C4=O)(C)C)C1=C(C(=O)C(=C(C1=O)C(C)C)O)[C@@]1([C@@H](C3=O)C(C)(C)CCC1)C)C,C40H48O8,656.8,48,0,0.62,2,8,2,181.45,135.04,n/d,6.95,7.1,2.07,7.58,5.93,-8.16,4.56E-06,6.94E-09,Poorly soluble,-9.6,1.65E-07,2.52E-10,Poorly soluble,-8.6,1.65E-06,2.51E-09,Poorly soluble,1,1,Yes,n/d,n/d,n/d,n/d,n/d,-5.37,1,4,0,2,2,0.56,1,1,2,8.02
TQ_D40,CC(C)C1=C(O)C(=O)C2=C(C1=O)[C@]1(Oc3c(c4c(c(O)c3C(C)C)C(=O)C(O)=C3C(C)(C)CCC[C@@]34C)O1)C(=O)C1C(C)(C)CCC[C@]21C,672.33,693.2481084,0.969825942,9,3,147.43,2,7,17,9,0,40,0.05,4,1,0.268,5.837,0.6,240.625,1.867,"[(7, 6, 4, 3, 10, 11, 9, 8), (19, 18, 17, 16, 15, 37, 14, 20), (16, 15, 14, 20, 18, 17, 24, 25, 26), (3, 4, 6, 7, 8)]",0,['-'],0,0,1,1,-3.842728885,2.881542472,4.770911886,236.1480635,361.6588232,5.722924973,2.904294001,-5.070502509,-4.917920217,0.026612854,0.999579847,0.178212762,0.000690579,0.321200132,0.956901964,0.999987233,0.999955893,0.977260411,0.013976435,1,0.002572497,0.999987125,97.7404199,0.196744197,1.602763376,0.000528203,0.000719407,0.914670348,0.173754856,0.999945283,5.28E-08,8.69E-09,3.45E-11,0.039566692,0.999990106,1,9.04E-13,0.999817193,0.086969502,1.404288508,1.480730781,2.304742183,6.025863359,8.781191614,8.400326975,0.002942611,0.025462603,0.912779212,0.224150896,0.782738149,0.679426014,0.980097234,0.865320146,6.34E-07,0.056474395,0.60493809,0.956606627,0.004192655,0.910860419,0.872481704,0.997946203,0.990605533,0.153954789,0.083536059,0.734513581,0.000161323,0.034919087,5.00E-07,0.998675406,0.064065717,0.011373133,0.009532273,0.952617645,0.05285294,0.364753217,0.998546124,0.359031349,4,1,0,0,"[(3,), (6,), (12,), (12, 38, 39, 40), (3, 4, 6, 5), (3,), (19, 18, 17, 16, 15, 37, 12, 14, 20), (19, 18, 20, 14, 13, 12, 15, 16, 17), (14,), (3, 1, 10, 4, 6, 7), (3, 1, 4, 6, 8, 7), (16, 15, 37, 14, 13, 20, 18, 17)]","[(3, 4, 6, 7, 8), (3, 4, 6, 7, 8, 9, 10, 11), (12, 38, 39, 40), (3,)]","[(3, 4, 6), (19, 18, 17, 16, 15, 14, 20), (7, 6, 4, 3, 10, 11, 9, 8)]","[(3,), (3, 4, 6, 7, 8)]",0.788,0.015,0.669,0.868,0.076,0.992,0.004,TQ_D40,CC(C1=C(O)C(=O)C2=C(C1=O)[C@]1(Oc3c(O1)c1c(c(c3C(C)C)O)C(=O)C(=C3[C@]1(C)CCCC3(C)C)O)C(=O)C1[C@]2(C)CCCC1(C)C)C,C40H48O9,672.8,49,6,0.6,2,9,3,184.95,147.43,n/d,9.05,7.79,2.5,7.79,6.78,-9.67,1.43E-07,2.13E-10,Poorly soluble,-12.04,6.16E-10,9.15E-13,Insoluble,-8.99,6.82E-07,1.01E-09,Poorly soluble,1,1,Yes,n/d,n/d,n/d,n/d,n/d,-3.98,1,4,1,2,2,0.56,1,1,2,7.39
TQ,CC1=CC(=O)C(C(C)C)=CC1=O,164.08,179.9944704,0.91158356,2,0,34.14,1,1,6,2,0,8,0.125,0,0,0.552,2.66,0.4,8,1.552,"[(4, 3, 2, 1, 10, 11, 9, 5), (1, 2, 3, 4, 5)]",0,['-'],0,0,0,1,-2.158013767,2.247250597,2.233732274,41.94680552,238.2175897,8.640259424,3.431334613,-4.677455028,-4.610796357,0.361544907,0.975971878,0.033290662,0.557861686,0.437080324,0.925753012,0.963801209,0.984472334,0.995500147,0.010789467,0.999250114,0.016399525,0.969910443,79.64743158,0.334373087,23.09110914,0.989731371,0.931853116,0.903771281,0.055513263,0.360610425,0.001533228,0.012306749,0.000475385,0.142248958,0.428040743,0.063352533,0.114720754,0.855421603,0.79756099,9.558523522,1.025476539,1.402751782,3.969877994,5.398431177,4.82365536,0.086513311,0.519393384,0.600121379,0.57595551,0.553581774,0.704794765,0.962810218,0.720826864,0.977570176,0.997859657,0.873721838,0.802371681,0.705352843,0.259172112,0.696643054,0.368816644,0.58564961,0.078899719,0.043177422,0.396342576,0.001864526,0.000694969,5.15E-05,0.018605852,0.444211632,0.000251165,2.67E-05,0.062904343,4.83E-05,0.001403735,0.006699959,0.002827248,4,4,0,0,"[(1,), (1,), (1, 0, 10, 2, 3, 4), (1, 0, 2, 3, 5, 4)]","[(1, 2, 3, 4, 5), (1, 2, 3, 4, 5, 9, 10, 11), (1,)]","[(1, 2, 3), (4, 3, 2, 1, 10, 11, 9, 5)]","[(1,), (1, 2, 3, 4, 5)]",0.285,0.402,0.344,0.017,0.996,0.361,0.124,TQ,CC(C1=CC(=O)C(=CC1=O)C)C,C10H12O2,164.2,12,0,0.4,1,2,0,47.52,34.14,n/d,2.2,1.67,1.08,2.31,1.81,-2.18,1.09E+00,6.64E-03,Soluble,-2.55,4.62E-01,2.81E-03,Soluble,-2.03,1.54E+00,9.38E-03,Soluble,0,0,No,n/d,n/d,n/d,n/d,n/d,-5.74,0,0,0,0,1,0.55,1,1,1,2.83